GalaxyID,SPARC_Q,Clean_Sample,Luminosity_1e9Lsun,R_disk_kpc,SB_disk_magarcsec2,V_flat_kms,N_pts,RT_omega_kms_kpc,RT_omega_err_kms_kpc,RT_Rt_kpc,RT_Rt_err_kpc,RT_BIC,RT_RMSE_kms,RT_chi2,RT_chi2r,RT_converged,NFW_c,NFW_c_err,NFW_V200_kms,NFW_V200_err_kms,NFW_BIC,NFW_RMSE_kms,NFW_chi2,NFW_chi2r,NFW_converged,MondFree_a0_kms2_kpc,MondFree_a0_err_kms2_kpc,MondFree_BIC,MondFree_RMSE_kms,MondFree_chi2,MondFree_chi2r,MondFree_converged,Free_MOND_Boundary,MondFixed_a0_kms2_kpc,MondFixed_BIC,MondFixed_RMSE_kms,MondFixed_chi2,MondFixed_chi2r,MondFixed_converged,Delta_BIC_NFW_RT,BIC_Winner
CamB,2,True,0.075,0.47,66.2,0.0,9,1.113497,2.086144,8.95,127.16765,45.323908,3.198807,52.623594,5.847066,True,1.0,11.561958,12.144611,79.137482,47.177399,3.270434,42.78295,6.11185,True,1000.0,119.972421,337.435036,9.15475,335.237811,41.904726,True,True,3703.0,976.410538,15.623784,976.410538,108.49006,True,1.853491,rational_taper
D512-2,2,True,0.325,1.24,93.94,0.0,4,20.785488,11.850475,1.427526,1.374536,2.970875,1.165172,0.396572,0.099143,True,6.510753,5.169807,40.025027,26.84321,3.399306,1.738284,0.626717,0.313359,True,1794.941292,446.517469,1.681473,1.478941,0.295178,0.098393,True,False,3703.0,10.741094,6.562264,10.741094,2.685273,True,0.428431,mond_free
D564-8,2,True,0.033,0.61,21.13,0.0,6,8.022627,2.057109,6.46755,6.351037,4.282406,0.578257,1.048332,0.174722,True,1.0,6.979917,96.17519,450.359157,7.383651,1.255582,3.800132,0.950033,True,1000.0,164.193332,10.794635,1.950007,9.002876,1.800575,True,True,3703.0,109.994826,7.164354,109.994826,18.332471,True,3.101245,rational_taper
D631-7,1,True,0.196,0.7,115.04,57.7,16,6.80122,0.609087,35.95,27.93324,49.978488,3.489755,50.780928,3.173808,True,1.0,3.13623,222.641214,471.41024,91.950549,4.788836,86.405371,6.171812,True,1531.79615,93.242922,210.378596,8.949037,207.606007,13.8404,True,False,3703.0,484.607252,10.522118,484.607252,30.287953,True,41.972061,rational_taper
DDO064,1,True,0.157,0.69,151.65,46.1,14,25.713959,9.882182,1.506292,1.098994,9.059213,2.606736,4.411288,0.315092,True,1.0,33.957731,360.757187,8551.219285,11.907687,3.369943,6.629572,0.552464,True,2913.840378,516.583217,6.344618,2.677575,3.705561,0.285043,True,False,3703.0,5.665704,3.548572,5.665704,0.404693,True,2.848474,mond_fixed
DDO154,2,True,0.053,0.37,71.26,47.0,12,15.524704,0.553103,3.250104,0.219907,38.77826,1.512859,40.57014,3.380845,True,4.958198,0.334213,62.766269,3.567536,122.681894,2.914858,117.712081,11.771208,True,2757.675969,27.085708,109.406999,2.676408,106.922093,9.72019,True,False,3703.0,1084.392156,4.452187,1084.392156,90.366013,True,83.903634,rational_taper
DDO161,1,True,0.548,1.22,169.37,66.3,31,4.74568,0.274415,18.755134,2.981061,20.07464,1.638516,14.117462,0.455402,True,1.991842,0.376932,104.120064,13.412915,40.18705,2.74233,33.319076,1.148934,True,1106.661102,23.733202,102.023727,4.526582,98.58974,3.286325,True,False,3703.0,4662.942963,18.570332,4662.942963,150.417515,True,20.11241,rational_taper
DDO168,2,True,0.191,1.02,92.22,53.4,10,9.783938,0.899281,20.6,16.175847,56.592328,3.641504,64.98395,6.498395,True,1.0,7.611008,324.252303,1710.769147,90.47254,4.393511,85.86737,10.733421,True,1896.194938,107.293744,134.051157,5.504615,131.748572,14.63873,True,False,3703.0,305.172139,7.88031,305.172139,30.517214,True,33.880212,rational_taper
DDO170,2,True,0.543,1.95,73.93,60.0,8,14.008866,1.888751,2.9124,0.536485,20.397583,1.980477,21.6516,2.70645,True,5.620275,0.580277,54.675137,2.908929,17.128209,2.659373,12.969326,2.161554,True,1327.722146,45.788338,34.655882,2.418095,32.576441,4.653777,True,False,3703.0,1225.321977,14.370862,1225.321977,153.165247,True,-3.269374,nfw
ESO079-G014,1,True,51.733,5.08,2295.25,175.0,15,13.729907,1.429072,9.303252,1.648962,34.942086,7.861483,34.06845,2.27123,True,4.533902,0.841808,225.782282,35.243505,54.911497,9.555321,49.495397,3.807338,True,4685.961382,131.15548,48.104785,9.720213,45.396734,3.242624,True,False,3703.0,111.060621,11.397003,111.060621,7.404041,True,19.969411,rational_taper
ESO116-G012,1,True,4.292,1.51,1320.78,109.1,15,19.399333,1.670189,5.229059,0.797198,21.068487,3.023007,18.06045,1.20403,True,6.985598,0.920331,122.62411,13.300735,35.814578,4.457675,30.398478,2.338344,True,5822.55289,200.0679,38.507494,4.553744,35.799444,2.557103,True,False,3703.0,188.029871,9.10802,188.029871,12.535325,True,14.746091,rational_taper
ESO444-G084,2,True,0.071,0.46,66.81,0.0,7,34.386283,4.48433,2.013721,0.467419,8.291595,1.441565,6.159685,0.879955,True,8.388774,1.979819,77.860241,17.64694,7.240847,2.521745,3.349027,0.669805,True,9620.049212,601.770952,14.483201,2.778051,12.53729,2.089548,True,False,3703.0,193.269801,10.512832,193.269801,27.609972,True,-1.050748,nfw
ESO563-G021,1,True,311.177,5.45,6558.89,314.6,30,19.132154,0.800433,10.739479,0.725835,369.255824,20.546516,388.34295,12.944765,True,8.990814,0.369572,256.367935,7.443476,584.507872,24.540255,577.705477,20.632338,True,9320.806409,231.564124,511.087666,24.087567,507.686469,17.50643,True,False,3703.0,1508.829804,44.485149,1508.829804,50.294327,True,215.252048,rational_taper
F561-1,3,False,4.077,2.79,93.07,50.0,6,97.497636,2012.274278,0.1,2.104423,6.291101,4.103994,4.061376,0.676896,True,10.67778,12.182773,23.479911,7.889983,5.276993,3.96471,1.693474,0.423368,True,1000.0,186.130282,51.688087,14.807203,49.896327,9.979265,True,True,3703.0,242.434707,32.526736,242.434707,40.405785,True,-1.014108,nfw
F563-1,1,True,1.903,3.52,41.77,109.9,17,31.29474,6.991004,2.78046,0.799675,18.103738,8.235777,14.095618,0.829154,True,7.524437,1.537291,98.77067,11.510317,21.706661,8.913982,16.040234,1.069349,True,7157.018832,893.005871,26.475519,12.216865,23.642305,1.477644,True,False,3703.0,47.048606,18.445109,47.048606,2.767565,True,3.602923,rational_taper
F563-V1,3,False,1.54,3.79,40.63,0.0,6,46.378325,1049.158812,0.1,2.329187,4.599611,2.0576,1.524138,0.254023,True,5.023749,8.794245,14.28242,8.974809,4.586598,2.044381,1.003079,0.25077,True,1000.0,237.008246,61.344316,15.752322,59.552557,11.910511,True,True,3703.0,206.593444,29.339496,206.593444,34.432241,True,-0.013013,nfw
F563-V2,1,True,2.986,2.43,146.16,116.6,10,45.759327,12.730044,2.129331,0.86044,8.76685,8.666521,5.2021,0.52021,True,7.241698,3.546112,144.327448,66.633254,14.465576,11.899486,9.860406,1.232551,True,9999.999992,2024.085532,13.243666,13.013788,10.941081,1.215676,True,True,3703.0,43.00346,23.428259,43.00346,4.300346,True,5.698726,rational_taper
F565-V2,2,True,0.559,2.17,40.26,0.0,7,16.527417,6.632855,5.179477,3.684518,4.713479,2.905528,1.150324,0.164332,True,1.0,10.987669,384.714886,2861.637111,5.765474,4.734887,1.873654,0.374731,True,5577.020392,885.458937,3.576356,4.196709,1.630446,0.271741,True,False,3703.0,7.590223,6.91619,7.590223,1.084318,True,1.051995,mond_free
F567-2,3,False,2.134,3.08,46.65,0.0,5,32.399738,60.598624,0.826724,1.8121,5.917502,5.338307,4.49771,0.899542,True,8.521621,6.79202,37.564487,14.272241,5.113103,4.40544,1.894227,0.631409,True,1114.131708,333.13895,6.859572,7.435655,5.250134,1.312533,True,False,3703.0,28.329096,19.406819,28.329096,5.665819,True,-0.804399,nfw
F568-1,1,True,6.252,5.18,57.13,0.0,12,37.659419,9.535507,2.910639,1.058059,10.00435,7.827818,6.041448,0.503454,True,6.402507,2.776673,167.706246,66.107174,13.347431,9.233017,8.377618,0.837762,True,10000.0,1358.676523,19.198298,15.107928,16.713392,1.519399,True,True,3703.0,82.319343,29.973517,82.319343,6.859945,True,3.343081,rational_taper
F568-3,1,True,8.346,4.99,132.08,0.0,18,11.757436,1.37079,8.989801,2.325927,32.180543,7.69796,29.699766,1.649987,True,1.0,2.708606,374.097899,684.391743,57.320602,9.691146,51.539859,3.221241,True,2995.329686,323.132994,49.005992,8.858069,46.11562,2.712684,True,False,3703.0,50.224356,7.976396,50.224356,2.790242,True,25.140059,rational_taper
F568-V1,1,True,3.825,2.85,90.54,112.3,15,66.704327,25.45428,1.334203,0.645673,8.775109,7.332377,3.875775,0.258385,True,14.700307,3.075592,85.988144,11.212385,8.240021,8.174687,2.823921,0.217225,True,10000.0,1260.779207,39.229751,12.96459,36.521701,2.608693,True,True,3703.0,140.346202,25.761431,140.346202,9.356413,True,-0.535088,nfw
F571-8,1,True,10.164,3.56,87.26,139.7,13,8.908517,0.646426,77.75,46.001763,222.389232,18.167494,256.761037,19.750849,True,1.0,3.946055,748.819114,2023.159795,216.237945,17.811508,211.108046,19.191641,True,5086.981811,309.65716,516.651349,28.122778,514.0864,42.840533,True,False,3703.0,540.503868,28.290475,540.503868,41.577221,True,-6.151287,nfw
F571-V1,2,True,1.849,2.47,64.39,83.6,7,13.092493,6.042231,5.355164,3.831692,4.42649,2.40377,0.748538,0.106934,True,4.760597,2.663261,90.9235,32.972991,5.485681,4.284908,1.593861,0.318772,True,2725.246971,409.597945,2.981293,3.295156,1.035383,0.172564,True,False,3703.0,5.572921,6.360777,5.572921,0.796132,True,1.059191,mond_free
F574-1,1,True,6.537,4.46,128.48,97.8,14,27.625022,4.668632,2.59493,0.594001,17.392732,4.373334,14.133714,1.009551,True,7.772412,1.210561,90.261322,9.175977,25.002794,5.427447,19.724679,1.643723,True,4807.183956,310.692608,36.160638,7.383746,33.52158,2.578583,True,False,3703.0,48.666996,8.776503,48.666996,3.476214,True,7.610062,rational_taper
F574-2,3,False,2.877,3.76,41.38,0.0,5,1.955962,41.293001,1.279882,32.248691,3.372539,1.730206,0.256105,0.051221,True,1.083632,13.333165,14.321376,49.166228,3.350953,1.604994,0.132077,0.044026,True,1000.0,345.416385,36.400012,21.703237,34.790574,8.697643,True,True,3703.0,110.709368,38.741833,110.709368,22.141874,True,-0.021586,nfw
F579-V1,1,True,11.848,3.37,201.76,112.1,14,167.17626,89.933378,0.367763,0.215273,7.915193,4.21789,3.076598,0.219757,True,21.97344,4.06178,66.964205,5.453724,7.555692,3.872123,2.277577,0.189798,True,5761.861122,739.385462,40.534654,16.083952,37.895597,2.915046,True,False,3703.0,48.295766,18.388494,48.295766,3.449698,True,-0.359501,nfw
F583-1,1,True,0.986,2.36,60.93,85.8,25,21.93253,2.686161,3.196931,0.638395,33.111647,6.035622,28.993375,1.159735,True,4.590366,0.866487,100.135601,16.208563,42.395288,6.820921,35.957536,1.563371,True,5317.067351,429.060775,76.020183,10.300349,72.801307,3.033388,True,False,3703.0,91.063063,10.320009,91.063063,3.642523,True,9.283641,rational_taper
F583-4,1,True,1.715,1.93,83.34,0.0,12,20.771874,7.422485,2.239903,1.150475,7.247771,2.159125,2.733552,0.227796,True,4.379139,2.786465,87.7456,46.575893,6.486942,1.634959,1.517128,0.151713,True,2464.901417,276.907292,3.734644,1.51709,1.249737,0.113612,True,False,3703.0,16.020335,5.381637,16.020335,1.335028,True,-0.760829,mond_free
IC2574,2,True,1.016,2.78,80.32,66.4,34,4.611157,0.168481,34.02774,8.064383,67.611939,2.195277,64.344184,1.892476,True,1.0,0.440218,132.301669,37.585042,1156.686461,5.281507,1149.63374,35.926054,True,1000.0,19.311178,678.098586,3.887849,674.572225,20.441583,True,True,3703.0,8132.246088,13.513742,8132.246088,239.183708,True,1089.074522,rational_taper
IC4202,1,True,179.749,4.78,8888.53,242.6,32,8.374343,0.471036,21.429794,2.952041,1151.824322,25.214711,1221.21904,38.163095,True,6.139886,0.555885,226.163842,16.458146,1212.175376,25.98034,1205.243904,40.174797,True,3830.796996,109.494852,1244.851184,26.13256,1241.385448,40.044692,True,False,3703.0,1242.810146,26.127999,1242.810146,38.837817,True,60.351054,rational_taper
KK98-251,2,True,0.085,1.34,52.1,33.7,15,6.583823,1.351866,10.194515,11.549636,8.252747,0.869735,3.27306,0.218204,True,1.0,6.548996,122.402619,545.403761,29.610427,2.540043,24.194326,1.861102,True,1000.0,97.970417,34.139962,2.895141,31.431912,2.245137,True,True,3703.0,443.168459,10.870982,443.168459,29.544564,True,21.35768,rational_taper
NGC0024,1,True,3.889,1.34,1182.58,106.3,29,72.459169,8.317952,1.036396,0.143223,23.455025,3.807432,17.958975,0.619275,True,21.883192,1.488035,68.051357,2.062806,31.877065,6.398622,25.142474,0.931203,True,9357.809166,483.276596,53.532115,8.738919,50.164819,1.791601,True,False,3703.0,297.317826,20.65209,297.317826,10.252339,True,8.42204,rational_taper
NGC0055,2,True,4.628,6.11,391.59,85.6,21,6.227818,0.460811,14.783556,3.27978,27.017511,2.420869,23.131458,1.101498,True,1.397181,1.036595,214.165845,120.341981,62.493565,3.830197,56.404521,2.968659,True,1271.370972,50.755077,66.290978,3.702142,63.246455,3.162323,True,False,3703.0,1092.12707,17.519033,1092.12707,52.006051,True,35.476054,rational_taper
NGC0100,1,True,3.232,1.66,1193.52,88.1,21,10.088525,1.175233,13.383774,4.925472,8.542536,1.453799,2.711751,0.129131,True,1.0,4.596053,427.545257,1342.633642,20.454005,3.755869,14.36496,0.756051,True,3052.590612,217.140146,35.463526,6.146834,32.419004,1.62095,True,False,3703.0,40.268239,6.06188,40.268239,1.917535,True,11.911469,rational_taper
NGC0247,2,True,7.332,3.74,506.79,104.9,26,28.558446,1.56016,1.940812,0.157191,38.189791,4.140968,34.313058,1.319733,True,6.003992,0.402492,97.79367,5.830435,50.908881,2.56726,44.392688,1.849695,True,3847.927997,95.821261,113.216816,6.038176,109.958719,4.398349,True,False,3703.0,112.308431,5.476019,112.308431,4.319555,True,12.71909,rational_taper
NGC0289,2,True,72.065,6.74,69.96,163.0,28,11.499308,1.424546,8.918124,1.416781,46.698732,10.058417,43.113896,1.539782,True,8.942847,0.71893,127.046988,3.052571,57.431846,9.596091,50.767437,1.952594,True,2238.956885,77.21445,86.673325,11.75921,83.341121,3.086708,True,False,3703.0,330.763542,23.596756,330.763542,11.812984,True,10.733114,rational_taper
NGC0300,2,True,2.922,1.75,437.35,93.3,25,17.981437,1.4609,4.764588,0.626105,17.7976,3.530249,12.34765,0.493906,True,6.603956,0.709572,97.360717,7.419622,21.325318,3.916178,14.887566,0.647285,True,4760.886381,191.323889,25.806194,3.958072,22.587318,0.941138,True,False,3703.0,59.057327,5.606505,59.057327,2.362293,True,3.527718,rational_taper
NGC0801,1,True,312.57,8.72,1558.94,220.1,13,5.46255,0.789096,18.342975,3.934266,96.50191,14.873458,107.985098,8.306546,True,7.054291,0.828195,144.523217,5.367948,89.102285,14.801418,83.972386,7.633853,True,1376.941109,50.031929,99.382715,16.335354,96.817765,8.068147,True,False,3703.0,1163.779934,35.30806,1163.779934,89.521533,True,-7.399625,nfw
NGC0891,1,True,138.34,2.55,5067.92,216.1,18,4.084394,0.409862,85.55,66.320281,369.921674,26.521773,409.658544,22.758808,True,1.0,3.843737,755.698757,1970.408542,296.866497,24.564963,291.085754,18.19286,True,2145.511512,64.432262,365.878436,26.343953,362.988064,21.352239,True,False,3703.0,805.704969,32.676554,805.704969,44.761387,True,-73.055177,nfw
NGC1003,1,True,6.82,1.61,1345.33,109.8,36,7.749307,0.294511,14.075634,0.919641,105.766025,3.883231,104.39892,2.89997,True,4.867983,0.221135,105.433678,2.30841,94.464965,3.689004,87.297927,2.567586,True,2780.287926,48.714107,194.342649,6.426376,190.75913,5.450261,True,False,3703.0,481.689174,8.234582,481.689174,13.380255,True,-11.30106,nfw
NGC1090,1,True,72.045,3.53,2055.09,164.4,24,8.058654,0.766496,12.209293,1.785187,51.030941,7.817981,48.736176,2.030674,True,8.043997,0.641411,117.600836,3.537966,59.552752,9.203376,53.196644,2.418029,True,1996.591982,42.307583,64.31503,9.630845,61.136976,2.658129,True,False,3703.0,1105.696597,18.765241,1105.696597,46.070692,True,8.521811,rational_taper
NGC1705,3,False,0.533,0.39,587.26,71.9,14,105.872074,34.074617,0.517474,0.200545,7.558784,2.900071,2.660784,0.190056,True,37.892509,6.55621,38.935941,2.552889,6.638273,2.256575,1.360158,0.113347,True,10000.0,790.642635,15.111691,4.728457,12.472634,0.959433,True,True,3703.0,201.218703,16.951532,201.218703,14.372765,True,-0.920511,nfw
NGC2366,3,False,0.236,0.65,113.98,50.2,26,11.832327,1.234951,3.856282,0.848741,41.634894,3.190928,38.045254,1.463279,True,1.989203,1.7295,139.687672,107.044777,89.314595,4.43399,82.798402,3.449933,True,1427.225012,64.457829,69.856421,3.532844,66.598325,2.663933,True,False,3703.0,666.277863,11.388273,666.277863,25.626072,True,47.679701,rational_taper
NGC2403,1,True,10.041,1.39,1408.74,131.2,73,19.369394,0.237377,4.892791,0.093727,907.729025,5.425678,924.476234,12.664058,True,11.842226,0.12544,95.569102,0.55333,719.471787,4.371064,710.890868,10.012547,True,4829.135039,19.143753,949.062993,4.444924,944.772534,13.121841,True,False,3703.0,5076.088253,6.239107,5076.088253,69.535456,True,-188.257238,nfw
NGC2683,2,True,80.415,2.18,10205.4,154.0,11,14.720803,3.163066,6.280368,1.944046,11.82208,7.511705,8.587689,0.780699,True,19.83122,3.279478,98.163759,5.327835,12.433604,7.935178,7.637813,0.848646,True,3321.086544,242.759117,21.73634,12.056143,19.338445,1.933844,True,False,3703.0,21.607703,14.151988,21.607703,1.964337,True,0.611524,rational_taper
NGC2841,1,True,188.121,3.64,4751.49,284.8,50,29.801451,1.363421,6.023781,0.32873,116.969179,7.589459,113.69285,2.273857,True,21.155651,0.57461,177.141262,1.252451,168.154424,9.678889,160.330377,3.340216,True,8735.950664,108.64912,443.144426,20.734437,439.232403,8.963927,True,False,3703.0,4068.260625,53.021854,4068.260625,81.365212,True,51.185245,rational_taper
NGC2903,1,True,81.863,2.33,1193.52,184.6,34,7.620923,0.193163,25.978111,1.979779,511.434244,24.370472,535.905382,15.761923,True,9.877337,0.369095,137.859659,3.093521,463.446442,24.630977,456.393721,14.262304,True,3697.677097,42.64997,511.457365,24.95886,507.931004,15.391849,True,False,3703.0,507.946719,24.963133,507.946719,14.939609,True,-47.987802,nfw
NGC2915,2,True,0.641,0.55,313.93,83.5,30,39.978881,8.775928,1.908943,0.543533,37.687814,10.158082,33.09153,1.103051,True,15.431223,2.561395,61.09156,4.420519,33.592715,9.529922,26.79032,0.956797,True,10000.0,738.896847,52.798809,12.487128,49.397611,1.703366,True,True,3703.0,227.889165,20.628972,227.889165,7.596305,True,-4.095099,nfw
NGC2955,1,True,319.422,18.76,50.68,0.0,24,2.767004,0.35664,177.15,205.659186,114.265074,14.51856,117.718872,4.904953,True,3.573373,1.125341,238.146103,58.688755,106.008701,14.080579,99.652593,4.529663,True,1703.579413,137.695901,105.679096,14.209803,102.501042,4.456567,True,False,3703.0,252.323041,23.274398,252.323041,10.51346,True,-8.256373,mond_free
NGC2976,2,True,3.371,1.01,1502.55,85.4,27,13.630089,2.122102,11.35,15.935136,15.249117,1.968052,9.350046,0.346298,True,1.0,42.604646,620.131604,18564.465314,53.909863,4.696512,47.318189,1.892728,True,2149.381279,170.691297,34.282663,3.799378,30.986826,1.191801,True,False,3703.0,89.464994,5.678436,89.464994,3.313518,True,38.660746,rational_taper
NGC2998,1,True,150.902,6.2,774.16,209.9,13,12.089904,1.89799,9.332631,1.940887,46.959242,27.254583,49.434684,3.802668,True,11.076396,1.122544,139.162269,4.272007,32.144815,21.018387,27.014916,2.455901,True,2786.289742,65.834937,56.535353,27.75017,53.970404,4.497534,True,False,3703.0,212.676676,27.073615,212.676676,16.359744,True,-14.814427,nfw
NGC3109,1,True,0.194,1.56,140.87,66.2,25,12.759196,0.705448,8.895928,1.491928,13.046784,1.075551,7.183725,0.287349,True,1.0,2.255366,291.70954,450.925936,207.079446,4.855258,200.641694,8.723552,True,4239.941268,193.746101,128.782649,4.15059,125.563774,5.231824,True,False,3703.0,134.02825,5.041466,134.02825,5.36113,True,194.032662,rational_taper
NGC3198,1,True,38.279,3.14,1602.62,150.1,43,11.790272,0.283486,8.66445,0.307086,63.385016,6.442369,58.587629,1.362503,True,9.412161,0.185105,112.031464,0.958699,64.608482,8.70304,57.086082,1.392343,True,2931.033984,35.112202,204.588576,8.61294,200.827376,4.781604,True,False,3703.0,610.011234,11.179817,610.011234,14.186308,True,1.223466,rational_taper
NGC3521,1,True,84.836,2.4,2112.66,213.7,41,7.019776,0.834618,54.321101,34.1951,25.888485,6.025468,19.408088,0.473368,True,8.349561,1.556137,170.403899,23.921087,20.17307,5.163686,12.745926,0.326819,True,4126.288334,284.327843,24.868604,7.215028,21.155032,0.528876,True,False,3703.0,23.541654,6.814872,23.541654,0.574187,True,-5.715415,nfw
NGC3726,2,True,70.234,3.4,1789.91,168.0,12,2.971244,0.367973,162.6,186.025972,24.668386,7.292918,23.638284,1.969857,True,2.194012,1.112471,225.856951,85.252778,25.395364,6.932702,20.42555,2.042555,True,1366.082419,99.351377,34.650077,13.585042,32.16517,2.924106,True,False,3703.0,320.03565,26.326624,320.03565,26.669637,True,0.726978,rational_taper
NGC3741,1,True,0.028,0.2,143.49,50.1,21,17.521526,1.561338,3.105085,0.494858,11.379799,1.115496,5.847681,0.278461,True,3.961027,0.86571,72.744337,13.72711,12.626539,1.271653,6.537494,0.344079,True,4154.711963,236.262768,27.526011,2.481516,24.481488,1.224074,True,False,3703.0,28.460612,2.721099,28.460612,1.355267,True,1.24674,rational_taper
NGC3769,2,True,18.679,3.38,160.26,118.6,12,8.091659,1.240502,12.34254,3.518716,16.85822,7.223022,14.266092,1.188841,True,7.810848,1.327613,95.75798,8.164042,16.023117,6.91033,11.053304,1.10533,True,2210.230148,182.583483,15.682208,7.712757,13.197301,1.199755,True,False,3703.0,60.082878,15.981544,60.082878,5.006906,True,-0.835103,mond_free
NGC3877,2,True,72.535,2.53,3410.59,168.4,13,24.482704,14.413269,1.556535,1.125381,77.326682,18.032096,85.323472,6.563344,True,15.71515,4.028,75.016431,9.221323,67.099527,17.668212,61.969628,5.633603,True,1847.878787,151.349945,89.930381,18.644864,87.365432,7.280453,True,False,3703.0,187.640093,23.919449,187.640093,14.433853,True,-10.227155,nfw
NGC3893,1,True,58.525,2.38,2055.09,174.0,10,9.73275,1.791748,15.784107,7.117141,11.342561,6.590935,8.42174,0.842174,True,10.355832,2.388122,132.02597,19.280339,13.475098,7.504637,8.869927,1.108741,True,3971.568527,325.437481,10.81242,6.829623,8.509835,0.945537,True,False,3703.0,9.226152,6.883306,9.226152,0.922615,True,2.132537,mond_fixed
NGC3917,1,True,21.966,2.63,1226.96,135.9,17,18.112705,2.216593,4.647545,0.872292,33.768555,5.177743,31.849075,1.873475,True,6.482673,0.894397,135.035342,14.348853,69.829123,7.721502,64.162696,4.277513,True,3703.283431,151.303023,50.699105,6.63771,47.865891,2.991618,True,False,3703.0,47.865895,6.637705,47.865895,2.815641,True,36.060568,rational_taper
NGC3949,2,True,38.067,3.59,185.71,163.0,7,5.533029,3.041614,35.35,172.935817,7.70955,8.639744,5.344822,0.763546,True,1.0,51.518491,753.640484,27033.182985,6.627982,7.006013,2.736162,0.547232,True,1826.242666,371.277808,6.076555,9.57071,4.130644,0.688441,True,False,3703.0,22.684557,11.298588,22.684557,3.240651,True,-1.081568,mond_free
NGC3953,1,True,141.301,4.89,1999.08,220.8,8,40.362028,28.743546,1.454103,1.207534,6.518587,3.374082,3.146272,0.393284,True,19.370838,4.588198,101.44815,10.352601,5.761567,2.815661,1.602684,0.267114,True,3384.599143,247.305745,19.463889,9.704979,17.384448,2.483493,True,False,3703.0,18.944345,10.344155,18.944345,2.368043,True,-0.75702,nfw
NGC3972,1,True,14.353,2.18,1587.93,132.7,10,18.648846,3.840287,4.807696,1.783493,13.992786,4.784084,11.73452,1.173452,True,4.774406,2.639847,200.80872,111.486762,13.766508,4.7626,9.161338,1.145167,True,4406.856281,311.96175,14.385384,5.407992,12.082799,1.342533,True,False,3703.0,17.794661,6.774224,17.794661,1.779466,True,-0.226278,nfw
NGC3992,1,True,226.932,4.96,3257.09,241.0,9,27.91091,7.624491,4.483834,1.442347,10.790394,5.880075,8.223354,0.913706,True,17.9114,2.159135,150.453529,5.082745,7.300596,4.014222,2.906147,0.415164,True,4763.862138,198.016194,42.197391,14.423683,40.000166,5.000021,True,False,3703.0,73.543064,18.538089,73.543064,8.171452,True,-3.489798,nfw
NGC4010,2,True,17.193,2.81,2611.14,125.8,12,7.417009,1.41257,24.922543,18.775636,22.166447,6.748443,20.635956,1.719663,True,1.0,7.20434,571.347492,2809.891428,27.364367,7.493179,22.394554,2.239455,True,2624.084468,201.496558,30.52618,8.846885,28.041273,2.549207,True,False,3703.0,50.806901,11.798967,50.806901,4.233908,True,5.19792,rational_taper
NGC4013,2,True,79.094,3.53,10205.4,172.9,36,3.946849,0.219431,121.568095,42.414287,34.015429,5.596312,28.427724,0.789659,True,4.87941,0.523085,167.855154,10.715424,40.960024,5.9362,33.792986,0.993911,True,2566.269916,69.779251,108.212181,8.843509,104.628662,2.98939,True,False,3703.0,315.154618,14.335449,315.154618,8.754295,True,6.944595,rational_taper
NGC4051,2,True,95.268,4.65,1320.78,157.0,7,21.127331,33.831144,1.353847,2.579911,9.384265,7.673068,7.689423,1.098489,True,14.215088,8.539269,65.276885,17.037097,7.85416,6.505725,3.96234,0.792468,True,1201.672968,200.571227,10.036333,7.709842,8.090423,1.348404,True,False,3703.0,88.121054,25.366037,88.121054,12.588722,True,-1.530105,nfw
NGC4068,2,True,0.236,0.59,261.11,0.0,6,7.114485,4.002557,11.65,50.522792,5.615766,2.058913,3.048372,0.508062,True,1.0,31.225701,171.696612,3700.854833,11.084454,3.853283,7.500935,1.875234,True,1000.0,166.117735,12.348059,3.999959,10.5563,2.11126,True,True,3703.0,148.331037,11.390039,148.331037,24.72184,True,5.468688,rational_taper
NGC4085,2,True,21.724,1.65,5021.46,131.5,7,4.946292,2.850445,31.0,132.546569,34.208201,13.965953,42.442932,6.063276,True,1.0,35.049318,518.344506,12551.335579,37.244257,14.647008,33.352437,6.670487,True,1276.055958,224.336473,38.145928,15.246166,36.200018,6.033336,True,False,3703.0,103.059536,23.248528,103.059536,14.722791,True,3.036056,rational_taper
NGC4088,1,True,107.286,2.58,3988.69,171.7,12,1.841502,0.753535,107.4,335.30286,43.021226,13.178521,45.661692,3.805141,True,1.0,4.783255,286.443461,847.890391,31.512442,11.244594,26.542629,2.654263,True,1000.0,107.57079,51.028517,14.470706,48.54361,4.413055,True,True,3703.0,466.946569,42.185223,466.946569,38.912214,True,-11.508784,nfw
NGC4100,1,True,59.394,2.15,8970.78,158.2,24,23.325609,3.781023,3.89378,0.838335,31.158168,6.053043,27.056784,1.127366,True,19.433532,1.886763,100.831955,3.524207,25.23196,6.286655,18.875853,0.857993,True,4318.482024,148.921355,53.985495,9.668729,50.807441,2.209019,True,False,3703.0,69.533557,9.873435,69.533557,2.897232,True,-5.926208,nfw
NGC4138,2,True,44.111,1.51,3952.12,147.3,7,19.998155,10.672498,3.973595,3.069288,8.300044,10.285452,6.171515,0.881645,True,27.289114,11.285962,79.625678,10.700019,8.581241,10.614295,4.68942,0.937884,True,3918.260613,594.272631,9.346768,10.766113,7.400858,1.233476,True,False,3703.0,7.534331,10.185601,7.534331,1.076333,True,0.281197,mond_fixed
NGC4157,1,True,105.62,2.32,23813.87,184.7,17,3.307738,0.514275,148.05,190.780249,15.44827,7.104511,11.086091,0.652123,True,1.320147,2.259951,412.246849,501.4146,11.68275,6.397021,6.016323,0.401088,True,1798.621687,123.339627,25.69593,11.314503,22.862717,1.42892,True,False,3703.0,174.766361,23.48198,174.766361,10.280374,True,-3.76552,nfw
NGC4183,1,True,10.838,2.79,1098.58,110.6,23,35.781362,8.672825,1.623098,0.459608,12.502075,3.505422,6.824514,0.296718,True,12.203432,1.359148,75.137095,3.353967,9.826501,2.581019,3.555513,0.16931,True,2589.570214,139.647899,40.467705,6.90116,37.332211,1.696919,True,False,3703.0,86.219676,10.355755,86.219676,3.748682,True,-2.675574,nfw
NGC4214,2,True,1.141,0.51,1308.67,80.1,14,41.806023,9.569847,1.705532,0.612508,19.90635,6.960457,17.06628,1.21902,True,24.031735,4.723654,49.67994,5.20479,13.329251,5.165256,8.051136,0.670928,True,9163.357937,899.179131,14.59066,6.107889,11.951603,0.919354,True,False,3703.0,77.612839,15.278381,77.612839,5.543774,True,-6.577099,nfw
NGC4217,1,True,85.299,2.94,4373.51,181.3,19,2.091019,0.769905,83.6,244.275422,699.773365,43.579183,775.517965,40.816735,True,1.0,6.853033,373.867789,1674.855602,653.244564,42.155336,647.355686,38.079746,True,1000.0,102.371003,684.277138,43.181898,681.332699,37.851817,True,True,3703.0,1190.279099,55.356425,1190.279099,62.646268,True,-46.528801,nfw
NGC4389,3,False,21.328,2.79,322.72,0.0,6,0.0,27.903088,0.1,0.0,87.425621,23.566294,125.763156,20.960526,True,3.684896,10287.392263,1.0,228.060595,87.460134,23.570958,83.876615,20.969154,True,1000.0,290.22484,157.777425,32.37099,155.985666,31.197133,True,True,3703.0,340.151196,48.501854,340.151196,56.691866,True,0.034513,rational_taper
NGC4559,1,True,19.377,2.1,1602.62,121.2,32,6.745719,0.797553,14.396898,3.536432,21.234079,3.389979,15.256128,0.476754,True,5.718317,0.857406,106.62319,9.320559,18.643337,3.301041,11.711866,0.390396,True,1775.41466,70.339816,21.583797,3.920214,18.118062,0.584454,True,False,3703.0,461.653868,18.986419,461.653868,14.426683,True,-2.590742,nfw
NGC5005,1,True,178.72,9.45,96.57,262.2,18,4.789491,2.727083,57.35,257.361876,18.70983,13.038949,14.545224,0.808068,True,1.0,45.090786,1089.589007,34062.700605,17.083171,12.003856,11.302428,0.706402,True,2452.09857,637.08486,16.414404,13.7292,13.524033,0.795531,True,False,3703.0,17.057867,13.97833,17.057867,0.947659,True,-1.626659,mond_free
NGC5033,1,True,110.509,5.16,614.94,194.2,22,14.406757,0.877884,8.894985,0.74911,131.579115,17.778921,137.936744,6.269852,True,14.326547,0.64489,134.538122,1.920644,114.373028,15.868515,108.190943,5.409547,True,4174.092496,62.156607,221.674266,15.930491,218.583224,10.408725,True,False,3703.0,280.608132,15.295961,280.608132,12.754915,True,-17.206087,nfw
NGC5055,1,True,152.922,3.2,3348.34,179.0,28,2.407818,0.034693,171.570453,13.612074,1806.794313,10.119324,1938.601448,69.235766,True,3.244507,0.08354,177.213445,2.33668,1643.964669,9.209481,1637.30026,62.973087,True,1420.459742,11.425184,2683.953554,10.677156,2680.62135,99.282272,True,False,3703.0,25183.126228,29.48816,25183.126228,899.397365,True,-162.829644,nfw
NGC5371,1,True,340.393,7.44,1395.82,209.5,19,200.0,309.193546,0.199553,0.312722,202.020712,13.824528,219.206173,11.537167,True,15.18123,1.22791,98.783932,2.189872,155.810601,14.209856,149.921723,8.818925,True,1000.0,31.697401,320.63978,19.96233,317.695341,17.649741,True,True,3703.0,3427.757033,44.87334,3427.757033,180.408265,True,-46.210111,nfw
NGC5585,1,True,2.943,1.53,297.05,90.3,24,9.64754,0.447374,11.439792,1.296304,135.110599,4.042913,140.459448,5.852477,True,2.179033,0.665015,211.687522,56.142927,164.193602,5.069533,157.837494,7.174432,True,2435.532917,66.594626,385.457546,6.923217,382.279492,16.620847,True,False,3703.0,654.230145,8.365642,654.230145,27.259589,True,29.083003,rational_taper
NGC5907,1,True,175.425,5.34,8646.29,215.0,19,16.665124,1.453716,6.372441,0.682044,143.433216,11.934478,153.726017,8.090843,True,13.969433,0.650814,135.550199,1.704663,102.957152,9.398751,97.068274,5.709898,True,2873.79769,41.316318,321.175988,17.409218,318.231549,17.679531,True,False,3703.0,654.375106,18.596106,654.375106,34.440795,True,-40.476064,nfw
NGC5985,1,True,208.728,7.01,1461.61,293.6,33,200.0,42.279278,0.710427,0.15711,124.297332,10.011376,124.87233,3.78401,True,27.272151,0.943171,158.573178,1.740575,88.490997,7.92969,81.497982,2.628967,True,10000.0,150.23523,1023.473895,34.856638,1019.977387,31.874293,True,True,3703.0,5093.501114,69.402094,5093.501114,154.348519,True,-35.806335,nfw
NGC6015,2,True,32.129,2.3,1926.77,154.1,44,36.428472,1.433686,2.169061,0.113246,477.692635,11.03834,492.51114,11.193435,True,16.959337,0.350517,96.786652,1.068852,355.465279,8.257764,347.8969,8.28326,True,5161.109531,75.509621,886.091759,11.128969,882.30757,20.518781,True,False,3703.0,1334.421958,10.822041,1334.421958,30.327772,True,-122.227356,nfw
NGC6195,1,True,391.076,13.94,174.11,251.7,23,2.108994,0.258664,182.15,165.159213,62.622201,9.932405,61.717993,2.683391,True,1.0,1.38642,454.599865,386.638353,49.660721,8.93096,43.389733,2.066178,True,1199.647321,71.55392,69.127219,10.625828,65.991725,2.999624,True,False,3703.0,735.888937,36.240575,735.888937,31.995171,True,-12.96148,nfw
NGC6503,1,True,12.845,2.16,398.87,116.3,31,13.55496,0.496356,6.975508,0.394883,98.408416,4.544239,97.853577,3.156567,True,11.541697,0.391477,84.715037,1.123292,63.071623,3.398264,56.203648,1.938057,True,3621.585675,37.953514,101.443027,4.135201,98.00904,3.266968,True,False,3703.0,102.545847,4.239386,102.545847,3.307931,True,-35.336793,nfw
NGC6674,1,True,214.654,6.04,1370.35,241.3,15,14.541782,1.147904,10.618752,1.042948,161.912994,16.073919,180.573345,12.038223,True,12.068042,0.59289,169.684534,2.006748,182.281643,16.889211,176.865542,13.605042,True,4287.02422,55.005228,216.689422,22.153612,213.981372,15.284384,True,False,3703.0,338.33567,25.375803,338.33567,22.555711,True,20.368649,rational_taper
NGC6789,2,True,0.1,0.31,319.76,0.0,4,63.594426,25.615555,3.55,11.563465,3.396084,2.231907,1.246988,0.311747,True,1.0,1088.689666,1619.97181,1243770.223048,6.83345,6.014848,4.060862,2.030431,True,10000.0,3389.893686,9.084736,9.82462,7.698442,2.566147,True,True,3703.0,24.181933,15.396029,24.181933,6.045483,True,3.437366,rational_taper
NGC6946,1,True,66.173,2.44,2232.7,158.9,58,4.998324,0.216027,43.043942,9.913623,126.937991,7.85076,123.060572,2.121734,True,5.43281,0.514308,158.028476,12.35706,154.642746,9.05489,146.52186,2.616462,True,2064.285729,33.422154,159.247961,7.686529,155.187518,2.722588,True,False,3703.0,1872.325838,17.729312,1872.325838,32.28148,True,27.704755,rational_taper
NGC7331,1,True,250.631,5.02,1806.47,239.0,36,3.138142,0.161617,181.55,75.686791,324.250533,17.612815,335.73546,9.325985,True,1.0,0.879553,614.226756,346.580553,211.683293,14.959806,204.516255,6.015184,True,2106.451291,40.099557,441.968508,19.847664,438.384989,12.525285,True,False,3703.0,1574.03205,29.312984,1574.03205,43.723112,True,-112.56724,nfw
NGC7793,1,True,7.05,1.21,1068.64,0.0,46,22.405183,3.295518,2.3495,0.579965,39.911023,5.774579,33.71984,0.73304,True,12.202536,1.62492,70.077593,7.096343,46.897276,6.608533,39.239994,0.891818,True,3001.678335,213.346317,38.590684,6.050271,34.762043,0.77249,True,False,3703.0,44.179111,6.056984,44.179111,0.960415,True,6.986253,mond_free
NGC7814,1,True,74.529,2.54,2635.3,218.9,18,10.602708,0.75399,21.487931,3.983846,29.740117,10.972261,26.954298,1.497461,True,11.982704,1.136299,153.27888,8.205884,25.37045,9.980833,19.589706,1.224357,True,6253.718845,147.848067,33.772666,11.811353,30.882294,1.816606,True,False,3703.0,442.104685,20.005155,442.104685,24.561371,True,-4.369667,nfw
PGC51017,3,False,0.155,0.53,93.94,18.6,6,13.39561,225.405827,0.1,1.779381,10.497289,4.264773,10.370652,1.728442,True,100.0,286.112111,5.015661,1.556831,6.235566,2.421022,2.652047,0.663012,True,1000.0,128.848931,252.232733,12.380055,250.440973,50.088195,True,True,3703.0,790.802092,21.586566,790.802092,131.800349,True,-4.261723,nfw
UGC00128,1,True,12.02,5.95,88.89,129.3,22,46.293714,3.980603,1.771337,0.164756,98.391929,6.376166,101.430824,4.610492,True,8.288578,0.177255,103.290985,0.725539,68.111203,4.559475,61.929118,3.096456,True,3495.169469,25.158311,2070.078613,11.230609,2066.987571,98.42798,True,False,3703.0,2132.353609,11.714974,2132.353609,96.925164,True,-30.280726,nfw
UGC00191,1,True,2.004,1.58,207.41,0.0,9,36.787551,3.240234,1.274025,0.135369,24.074077,4.599312,25.302375,2.811375,True,10.017885,0.653037,62.818105,2.134302,29.488303,5.178607,25.093853,3.584836,True,2619.851359,70.776389,92.681883,8.347774,90.484659,11.310582,True,False,3703.0,272.09288,7.303566,272.09288,30.232542,True,5.414226,rational_taper
UGC00634,2,True,2.989,2.45,126.13,0.0,4,13.757941,2.157845,6.749696,1.611138,4.219524,2.086022,2.893872,0.723468,True,6.304823,0.968894,102.572467,8.695411,9.177158,4.201557,6.404569,3.202285,True,3919.3059,130.188214,3.752669,2.575143,2.366375,0.788792,True,False,3703.0,5.241118,2.390445,5.241118,1.310279,True,4.957634,mond_free
UGC00731,1,True,0.323,2.3,82.57,73.3,12,81.253088,18.602795,0.533015,0.136547,18.832615,3.018947,16.63536,1.38628,True,9.523014,1.03628,57.149978,3.433529,8.365727,1.418164,3.395914,0.339591,True,3364.58402,190.498582,196.284073,11.242677,193.799166,17.618106,True,False,3703.0,196.750802,11.466967,196.750802,16.3959,True,-10.466888,nfw
UGC00891,2,True,0.374,1.43,113.98,0.0,5,8.077018,0.646065,15.285639,4.397578,5.043693,1.327803,3.04136,0.608272,True,1.0,2.303202,266.359351,411.486005,12.559815,3.393549,9.340939,3.113646,True,2616.892355,70.257383,57.752711,5.190149,56.143273,14.035818,True,False,3703.0,240.696703,7.68251,240.696703,48.139341,True,7.516122,rational_taper
UGC01230,1,True,7.62,4.34,69.32,103.7,11,37.780463,16.987063,1.709828,0.892412,14.143344,9.852528,11.424787,1.038617,True,11.074911,2.261462,78.543153,6.460747,14.609265,10.142451,9.813474,1.090386,True,2413.865153,396.805499,35.38007,18.421627,32.982175,3.298217,True,False,3703.0,40.568408,19.78782,40.568408,3.688037,True,0.465921,rational_taper
UGC01281,1,True,0.353,1.63,135.78,55.2,25,15.751546,2.664577,4.153011,1.594606,8.97429,1.414524,2.7571,0.110284,True,1.0,7.854608,302.709563,1637.799809,30.640316,4.2952,24.202565,1.052285,True,3243.221066,336.561407,10.857096,2.387039,7.63822,0.318259,True,False,3703.0,9.331001,2.65542,9.331001,0.37324,True,21.666026,rational_taper
UGC02023,2,True,1.308,1.55,121.57,0.0,5,6.708753,7.706519,18.9,153.887463,4.261098,3.967482,1.737035,0.347407,True,1.0,47.247958,216.842709,7016.305979,5.418852,5.764263,2.199976,0.733325,True,1000.0,522.817182,3.932299,5.923063,2.322861,0.580715,True,True,3703.0,12.940831,13.98028,12.940831,2.588166,True,1.157754,mond_free
UGC02259,2,True,1.725,1.62,172.52,86.2,8,135.389594,41.868044,0.393591,0.133042,8.618119,1.722347,5.945648,0.743206,True,20.22868,1.866977,54.813134,2.243889,8.395834,1.575966,4.236951,0.706158,True,7025.635849,249.698679,90.582458,8.069122,88.503016,12.643288,True,False,3703.0,360.003111,13.660916,360.003111,45.000389,True,-0.222285,nfw
UGC02455,3,False,3.649,0.99,795.85,0.0,8,0.0,13.691844,0.1,0.0,192.263388,17.650458,250.806008,31.350751,True,1.865761,959.116802,1.0,70.222313,192.427317,17.658148,188.268434,31.378072,True,1000.0,154.516531,455.535578,27.404636,453.456137,64.779448,True,True,3703.0,1022.536487,41.15246,1022.536487,127.817061,True,0.163929,rational_taper
UGC02487,1,True,489.955,7.89,1150.35,332.0,17,36.949093,4.251499,5.378937,0.687285,64.512123,10.066278,66.691782,3.923046,True,23.034211,1.110114,209.442888,1.83068,72.588625,10.932158,66.922198,4.46148,True,7983.667695,87.200906,362.920345,24.036347,360.087132,22.505446,True,False,3703.0,4289.165133,60.826108,4289.165133,252.303831,True,8.076502,rational_taper
UGC02885,1,True,403.525,11.4,470.79,289.5,19,8.238158,1.071101,23.54563,4.603931,47.637713,14.823317,46.660466,2.455814,True,7.149408,0.830965,226.307312,10.118455,50.075814,15.250011,44.186936,2.599232,True,4005.740506,172.104711,43.207212,14.557106,40.262773,2.236821,True,False,3703.0,43.497205,15.130521,43.497205,2.289327,True,2.438101,mond_free
UGC02916,2,True,124.153,6.15,520.99,182.7,43,3.098717,0.105747,190.0,100.842824,2067.351245,24.062993,2160.308304,50.239728,True,1.577758,0.708054,447.907859,163.908492,1856.581402,24.977162,1849.059002,45.099,True,1480.689575,37.937263,2003.63508,22.524212,1999.873879,47.616045,True,False,3703.0,4388.897061,30.311616,4388.897061,102.067374,True,-210.769843,nfw
UGC02953,2,True,259.518,3.55,4215.31,264.9,115,13.768185,0.151577,13.019013,0.227825,730.718705,21.902089,733.99394,6.382556,True,16.29138,0.155878,170.498392,0.627569,700.434409,22.664411,690.944544,6.114553,True,6516.234818,24.626944,1384.835292,21.713939,1380.09036,12.106056,True,False,3703.0,19503.140931,28.929894,19503.140931,169.59253,True,-30.284296,nfw
UGC03205,1,True,113.642,3.19,3915.89,219.6,48,20.942302,1.274626,5.363795,0.413718,240.29867,12.993067,242.667408,5.055571,True,17.698921,0.670459,126.784497,1.441799,194.313573,11.785031,186.571171,4.055895,True,4284.333063,55.137416,379.39358,17.455267,375.522379,7.989838,True,False,3703.0,496.820306,20.011522,496.820306,10.350423,True,-45.985097,nfw
UGC03546,1,True,101.336,3.79,922.21,196.9,30,6.65613,0.333564,26.02584,3.672324,117.970125,32.085345,119.10828,3.970276,True,8.546133,0.606747,143.760346,5.928356,109.012386,30.785324,102.209991,3.650357,True,3029.241752,30.969877,107.738789,31.354225,104.337592,3.597848,True,False,3703.0,521.589155,32.993811,521.589155,17.386305,True,-8.957739,mond_free
UGC03580,2,True,13.266,2.43,302.57,126.2,47,4.597005,0.113262,62.912014,7.307007,1527.255997,17.976644,1587.091488,33.767904,True,2.214028,0.232046,206.498457,16.357621,1398.342508,17.391976,1390.642213,30.90316,True,1967.947748,31.890944,2457.56759,21.644057,2453.717442,53.341684,True,False,3703.0,4435.963031,27.173279,4435.963031,94.382192,True,-128.913489,nfw
UGC04278,1,True,1.307,2.21,377.42,91.4,25,14.025453,1.603063,9.598432,3.405935,27.972407,4.319398,23.407225,0.936289,True,1.0,7.196541,472.152863,2348.329161,36.015858,5.061427,29.578106,1.286005,True,5235.772886,367.969311,60.833306,6.419636,57.61443,2.400601,True,False,3703.0,79.732123,7.616753,79.732123,3.189285,True,8.043451,rational_taper
UGC04305,3,False,0.736,1.16,88.07,34.5,22,35.320074,140.539133,0.1,0.416584,48.48921,4.94782,46.537832,2.115356,True,11.723019,6.517265,11.82976,2.344684,45.054986,4.696964,38.872901,1.943645,True,1000.0,85.680293,426.058775,13.875267,422.967733,20.141321,True,True,3703.0,1514.575358,26.588884,1514.575358,68.844334,True,-3.434224,nfw
UGC04325,1,True,2.026,1.86,213.22,90.9,8,110.494712,25.476005,0.503247,0.136585,17.678393,3.96826,18.026016,2.253252,True,19.688254,2.253324,60.091425,4.123355,21.367161,4.474007,17.208278,2.868046,True,8542.737819,505.404358,76.222242,9.304503,74.1428,10.591829,True,False,3703.0,231.34471,16.42954,231.34471,28.918089,True,3.688768,rational_taper
UGC04483,2,True,0.013,0.18,82.57,0.0,8,29.054306,11.277552,0.560687,0.36384,6.084811,0.826066,2.567904,0.320988,True,9.075462,4.916408,24.477345,12.381795,7.717694,1.252951,3.558811,0.593135,True,1233.628144,171.515053,4.841433,0.996824,2.761991,0.39457,True,False,3703.0,90.808735,5.284483,90.808735,11.351092,True,1.632883,mond_free
UGC04499,1,True,1.552,1.73,127.3,72.8,9,17.386592,3.776736,2.786182,0.915085,9.241431,2.673886,6.231834,0.692426,True,6.544101,1.526094,69.802419,11.503983,11.706595,3.375541,7.312146,1.044592,True,2080.83451,148.624746,11.528342,3.476658,9.331117,1.16639,True,False,3703.0,86.975184,8.985635,86.975184,9.663909,True,2.465164,rational_taper
UGC05005,1,True,4.1,3.2,65.59,98.9,11,6.1422,1.875487,15.308933,8.64644,5.407636,2.464611,0.747813,0.067983,True,1.840236,1.480743,143.802196,72.725459,6.757297,4.463843,1.961506,0.217945,True,1622.504281,305.189484,5.131544,5.015726,2.733649,0.273365,True,False,3703.0,27.269314,15.337901,27.269314,2.479029,True,1.349661,mond_free
UGC05253,2,True,171.582,8.07,189.16,213.7,73,7.316864,0.136041,27.395005,1.237603,611.939684,16.537384,620.354803,8.498011,True,8.553489,0.209286,177.401362,2.646582,440.219339,15.762012,431.638421,6.079414,True,3882.596005,42.985641,585.611245,16.06085,581.320786,8.0739,True,False,3703.0,599.613117,15.801214,599.613117,8.213878,True,-171.720345,nfw
UGC05414,1,True,1.123,1.47,127.3,0.0,6,10.463439,2.456649,7.411947,5.773996,3.892161,0.556148,0.462966,0.077161,True,1.0,12.601421,323.691396,2816.493103,7.834979,2.071891,4.25146,1.062865,True,1741.049331,186.903515,6.947057,2.275188,5.155297,1.031059,True,False,3703.0,68.159262,8.262373,68.159262,11.359877,True,3.942818,rational_taper
UGC05716,2,True,0.588,1.14,90.54,73.1,12,35.537451,2.499199,1.363771,0.119756,27.010464,1.431934,26.44878,2.204065,True,8.953212,0.323838,58.899511,1.214752,23.038485,1.341379,18.068671,1.806867,True,3623.559321,54.44369,449.821656,5.468222,447.336749,40.666977,True,False,3703.0,449.431053,5.605939,449.431053,37.452588,True,-3.971979,nfw
UGC05721,1,True,0.531,0.38,913.76,79.7,23,77.442227,11.198397,0.789609,0.144864,24.999816,4.357651,20.512527,0.891849,True,26.449924,2.413437,48.479261,2.152142,26.508527,4.618569,20.237539,0.963692,True,10000.0,619.320218,48.514641,6.750077,45.379147,2.062688,True,True,3703.0,279.510374,16.68115,279.510374,12.152625,True,1.508711,rational_taper
UGC05750,1,True,3.336,3.46,124.98,0.0,11,9.100555,2.905918,6.542646,4.01853,7.538553,4.481919,3.352261,0.304751,True,2.228876,1.574102,108.2279,58.937157,13.840149,6.932382,9.044358,1.004929,True,1489.839546,285.084615,8.374571,6.240669,5.976675,0.597668,True,False,3703.0,35.49901,15.432211,35.49901,3.227183,True,6.301596,rational_taper
UGC05764,2,True,0.085,1.17,33.79,0.0,10,133.124257,19.684607,0.284203,0.04859,56.219194,3.729323,64.51753,6.451753,True,19.092527,1.186858,38.093614,1.494902,58.47727,4.233085,53.8721,6.734013,True,9092.728967,170.331794,376.981274,7.262763,374.678689,41.630965,True,False,3703.0,2183.144397,8.472489,2183.144397,218.31444,True,2.258076,rational_taper
UGC05829,2,True,0.564,1.99,63.22,0.0,11,29.164725,13.078419,1.171303,0.683495,5.595732,1.36453,0.977702,0.088882,True,1.656909,4.959362,174.726912,431.131828,5.563897,1.337103,0.768107,0.085345,True,1899.598531,277.620402,8.736712,3.841124,6.338817,0.633882,True,False,3703.0,31.829893,8.607396,31.829893,2.893627,True,-0.031835,nfw
UGC05918,2,True,0.233,1.66,24.94,0.0,8,40.830801,19.794427,0.720779,0.449272,4.9484,1.234606,1.052688,0.131586,True,7.755457,3.367577,41.143409,13.037946,5.037407,1.30234,0.878524,0.146421,True,2666.658026,449.746338,7.700054,3.29412,5.620613,0.802945,True,False,3703.0,9.772479,4.343601,9.772479,1.22156,True,0.089007,rational_taper
UGC05986,2,True,4.695,1.67,1725.16,113.0,15,23.237478,1.70744,4.76564,0.6466,21.425945,4.146771,18.472905,1.231527,True,7.905673,0.930566,128.866689,13.41407,80.954184,7.97249,75.538083,5.810622,True,7716.926631,257.389261,51.229421,5.103959,48.52137,3.465812,True,False,3703.0,440.165153,15.058578,440.165153,29.344344,True,59.528239,rational_taper
UGC05999,2,True,3.384,3.22,51.62,0.0,5,9.959444,3.000067,8.171751,4.180213,10.742798,6.133483,12.53987,2.507974,True,2.954807,1.831767,135.8472,62.31084,10.764854,6.142466,7.545978,2.515326,True,2281.688103,277.086758,12.61233,7.417173,11.002892,2.750723,True,False,3703.0,29.33916,12.111804,29.33916,5.867832,True,0.022056,rational_taper
UGC06399,1,True,2.296,2.05,311.05,85.0,9,21.054523,5.415533,3.424224,1.464454,5.602005,2.014109,1.552572,0.172508,True,5.659294,2.439684,108.526231,41.373594,9.000401,4.087433,4.605952,0.657993,True,4507.906502,435.680666,4.951024,3.104907,2.753799,0.344225,True,False,3703.0,6.667304,4.00679,6.667304,0.740812,True,3.398396,mond_free
UGC06446,1,True,0.988,1.49,86.46,82.2,17,71.266516,19.731658,0.73738,0.238336,10.326292,2.840895,5.281186,0.310658,True,14.601036,1.961558,57.746881,4.022132,8.886745,2.489009,3.220318,0.214688,True,5579.117471,360.068174,48.937936,8.606529,46.104723,2.881545,True,False,3703.0,82.07158,9.27673,82.07158,4.82774,True,-1.439547,nfw
UGC06614,1,True,124.35,5.1,540.54,199.8,13,2.53061,0.361966,322.95,410.090084,20.136124,13.768576,17.734626,1.364202,True,1.0,1.216298,404.445526,284.885387,14.845213,11.619664,9.715315,0.88321,True,1572.566065,169.559573,39.655381,18.756328,37.090431,3.090869,True,False,3703.0,129.668126,31.041253,129.668126,9.974471,True,-5.290911,nfw
UGC06628,2,True,3.739,2.82,103.0,41.8,7,48.191741,1404.609864,0.1,3.006887,6.272559,4.822946,3.333036,0.476148,True,31.940849,86.273667,12.979961,7.246807,5.226515,3.611166,1.334694,0.266939,True,1000.0,305.14624,32.643717,17.318496,30.697807,5.116301,True,True,3703.0,114.991827,33.518917,114.991827,16.427404,True,-1.046044,nfw
UGC06667,1,True,1.397,5.15,614.94,83.8,9,46.776448,7.748909,1.467608,0.321049,7.101064,1.994026,3.479931,0.386659,True,6.786236,1.38977,99.381821,17.193499,13.541654,3.723266,9.147205,1.306744,True,9999.999999,658.709887,52.022571,7.35086,49.825347,6.228168,True,True,3703.0,239.164549,16.714363,239.164549,26.573839,True,6.44059,rational_taper
UGC06786,1,True,73.407,3.6,1078.52,219.4,45,16.898303,0.382643,11.424917,0.431867,71.273502,10.449394,66.621105,1.480469,True,13.92295,0.303883,158.634525,1.636582,48.48835,9.741882,40.875025,0.950582,True,9321.785262,88.114197,109.509532,10.615498,105.70287,2.402338,True,False,3703.0,7257.421831,29.847219,7257.421831,161.276041,True,-22.785152,nfw
UGC06787,2,True,98.256,5.37,429.37,248.1,71,13.180041,0.16366,16.963879,0.433932,1964.477856,18.651687,2012.646798,28.347138,True,12.399553,0.180382,173.819056,1.43273,2022.140077,17.463643,2013.614718,29.182822,True,8078.447603,52.523104,2104.598885,20.520788,2100.336206,30.004803,True,False,3703.0,13148.158552,29.754006,13148.158552,185.185332,True,57.662221,rational_taper
UGC06818,2,True,1.588,1.39,286.31,71.2,8,6.724823,1.905504,34.9,75.706954,18.778762,6.490311,19.493168,2.436646,True,1.0,10.367537,278.715436,1959.537994,25.797641,8.101759,21.638758,3.60646,True,1560.2535,262.990305,34.879868,10.254025,32.800427,4.685775,True,False,3703.0,67.61833,13.664025,67.61833,8.452291,True,7.018879,rational_taper
UGC06917,1,True,6.832,2.76,261.11,108.7,11,20.090928,3.347526,3.922777,1.051511,10.654128,2.871428,7.160186,0.650926,True,7.770894,1.521833,100.455888,14.75349,12.027197,3.117042,7.231406,0.80349,True,4232.045642,258.319132,12.994718,3.97045,10.596823,1.059682,True,False,3703.0,15.195447,4.614648,15.195447,1.381404,True,1.373069,rational_taper
UGC06923,2,True,2.89,1.44,347.4,79.6,6,10.972557,4.667701,9.094695,12.52905,6.701749,4.075771,4.677348,0.779558,True,1.988417,14.722294,286.343042,1946.531933,7.40326,4.578353,3.819741,0.954935,True,2446.203211,367.278872,6.95233,5.791881,5.16057,1.032114,True,False,3703.0,13.954499,9.174816,13.954499,2.32575,True,0.701511,rational_taper
UGC06930,1,True,8.932,3.94,189.16,107.2,10,29.216753,12.557822,1.994147,1.04515,7.318086,3.927546,3.39115,0.339115,True,10.545617,2.420433,76.894106,8.14855,6.824284,3.719301,2.219114,0.277389,True,2642.745291,247.402391,13.793127,7.100356,11.490541,1.276727,True,False,3703.0,25.855585,10.616094,25.855585,2.585558,True,-0.493802,nfw
UGC06973,3,False,53.87,1.07,12730.05,174.2,9,0.473961,1.61037,39.25,1030.417548,659.691885,42.840208,842.525271,93.613919,True,1.0,27.290434,277.095988,5067.983571,639.179927,40.373145,634.785478,90.68364,True,1000.0,172.067374,660.433476,40.080538,658.236252,82.279531,True,True,3703.0,952.628669,46.219967,952.628669,105.84763,True,-20.511958,nfw
UGC06983,1,True,5.298,3.21,121.57,109.0,17,35.518455,7.87536,2.015919,0.567269,16.087409,5.187836,11.810444,0.694732,True,12.752504,1.735917,78.673919,5.324663,14.617745,4.685059,8.951319,0.596755,True,5066.619076,284.417188,34.431517,9.226227,31.598303,1.974894,True,False,3703.0,60.057723,9.148632,60.057723,3.532807,True,-1.469664,nfw
UGC07089,2,True,3.585,2.26,520.99,0.0,12,5.713271,1.425479,21.100727,22.478505,6.232165,1.568572,1.51482,0.126235,True,1.0,5.537559,248.768601,919.706511,7.853786,2.402129,2.883972,0.288397,True,1208.777207,151.085137,8.113963,3.583962,5.629057,0.511732,True,False,3703.0,121.837518,15.110729,121.837518,10.153126,True,1.621621,rational_taper
UGC07125,1,True,2.712,3.38,103.0,65.2,13,9.964835,2.659751,2.975971,1.036492,20.569486,2.829928,18.246787,1.403599,True,4.839507,0.865609,50.879397,4.069119,14.517959,2.399212,9.38806,0.85346,True,1000.0,50.554816,159.838099,9.667537,157.27315,13.106096,True,True,3703.0,1860.435053,30.745069,1860.435053,143.110389,True,-6.051527,nfw
UGC07151,1,True,2.284,1.25,965.67,73.5,11,31.956351,5.792403,1.29776,0.339367,18.916244,2.682396,17.258329,1.568939,True,10.94344,1.719121,57.656963,6.822306,31.109654,3.550253,26.313863,2.923763,True,2971.449146,177.020029,31.335834,4.067168,28.937939,2.893794,True,False,3703.0,43.549009,5.616383,43.549009,3.959001,True,12.19341,rational_taper
UGC07232,2,True,0.113,0.29,227.42,0.0,4,28.66502,14.801997,4.1,14.773837,4.905871,2.409951,4.266564,1.066641,True,1.0,320.754807,702.627887,158699.3703,7.576306,3.616368,4.803718,2.401859,True,3872.365596,1006.493252,7.83938,4.191482,6.453086,2.151029,True,False,3703.0,6.482395,4.20099,6.482395,1.620599,True,2.670435,rational_taper
UGC07261,2,True,1.753,1.2,566.02,74.7,7,59.101484,36.431988,0.685936,0.505461,5.093961,2.345552,1.682996,0.240428,True,15.231317,4.708368,49.45366,8.096563,4.135449,1.055922,0.243629,0.048726,True,3395.161243,508.310288,6.259436,4.443075,4.313526,0.718921,True,False,3703.0,4.657825,4.616991,4.657825,0.665404,True,-0.958512,nfw
UGC07323,1,True,4.109,2.26,283.68,0.0,10,9.533861,2.272282,9.464159,7.137768,6.352835,1.617857,2.18458,0.218458,True,1.0,11.138283,403.454041,3097.028038,10.294866,2.919144,5.689696,0.711212,True,1892.702832,194.63436,7.98405,2.917031,5.681464,0.631274,True,False,3703.0,59.112092,9.409123,59.112092,5.911209,True,3.942031,rational_taper
UGC07399,1,True,1.156,1.64,135.78,103.0,10,66.681332,7.554289,1.287007,0.20763,8.50838,1.706601,4.87901,0.487901,True,17.613672,1.783667,75.278297,5.520281,12.713403,2.475312,8.108233,1.013529,True,10000.0,579.195355,167.960757,12.048631,165.658172,18.406464,True,True,3703.0,758.227759,27.270145,758.227759,75.822776,True,4.205023,rational_taper
UGC07524,1,True,2.436,3.46,106.86,79.5,31,24.06737,2.825037,2.047461,0.322531,24.974038,2.527626,19.354757,0.624347,True,5.580473,0.680292,80.614637,7.105351,30.268577,2.882403,23.400602,0.806917,True,2495.61719,106.283017,73.278672,4.999033,69.844685,2.328156,True,False,3703.0,166.194918,7.393997,166.194918,5.361126,True,5.294539,rational_taper
UGC07559,2,True,0.109,0.58,55.06,0.0,7,8.698071,4.973086,4.413573,8.252167,4.942571,1.251421,1.47105,0.21015,True,1.0,22.391822,143.659617,2203.828626,6.055502,1.795768,2.163682,0.432736,True,1000.0,228.538114,6.381274,2.571095,4.435364,0.739227,True,True,3703.0,73.819199,10.489099,73.819199,10.5456,True,1.112931,rational_taper
UGC07577,2,True,0.045,0.9,54.55,0.0,9,2.307247,4.869973,8.45,130.096795,5.73846,1.225009,1.728018,0.192002,True,1.0,19.885036,25.148695,318.667078,5.798413,1.252034,1.403964,0.200566,True,1000.0,271.597162,45.909724,6.986197,43.7125,5.464062,True,True,3703.0,154.308339,13.126009,154.308339,17.145371,True,0.059953,rational_taper
UGC07603,1,True,0.376,0.53,520.99,61.6,12,27.748637,3.900465,2.427903,0.637571,9.534016,1.782336,5.47704,0.45642,True,9.551945,2.064023,66.196626,12.417397,20.116056,3.246831,15.146242,1.514624,True,6163.365414,421.954825,21.118178,3.601238,18.633271,1.693934,True,False,3703.0,66.734706,6.81527,66.734706,5.561226,True,10.58204,rational_taper
UGC07608,1,True,0.264,1.5,46.65,0.0,8,24.012169,8.948259,3.016136,2.140398,5.27163,2.495051,1.483664,0.185458,True,1.0,25.237774,466.803989,8173.975003,6.785568,3.833409,2.626685,0.437781,True,6715.924846,1312.421344,4.611401,3.763653,2.53196,0.361709,True,False,3703.0,10.441462,7.642963,10.441462,1.305183,True,1.513938,mond_free
UGC07690,2,True,0.858,0.57,395.21,57.4,7,59.689281,38.612805,0.476113,0.374088,5.417044,2.011847,2.135315,0.305045,True,28.185678,8.949438,29.865036,3.830554,5.570492,2.110625,1.678672,0.335734,True,2494.612059,373.982638,8.743928,4.247363,6.798018,1.133003,True,False,3703.0,14.626285,6.230104,14.626285,2.089469,True,0.153448,rational_taper
UGC07866,2,True,0.124,0.61,97.46,0.0,7,23.824025,20.368746,0.761845,0.982678,4.113983,0.725072,0.311031,0.044433,True,4.905656,8.322923,42.688036,69.363591,4.110219,0.718903,0.218399,0.04368,True,1031.198522,307.00189,2.265341,0.869428,0.319431,0.053238,True,True,3703.0,27.792542,8.109788,27.792542,3.970363,True,-0.003764,mond_free
UGC08286,1,True,1.255,1.05,1488.78,82.4,17,62.467186,7.061551,0.918843,0.125355,26.660605,2.794503,23.793404,1.399612,True,15.836605,0.995291,58.384034,1.877058,42.446716,3.985432,36.780289,2.452019,True,6731.55792,198.952367,112.178749,5.681515,109.345535,6.834096,True,False,3703.0,455.682069,11.13445,455.682069,26.804828,True,15.786111,rational_taper
UGC08490,1,True,1.017,0.67,576.54,78.6,30,61.182061,7.967371,0.910326,0.140525,11.018907,1.383383,4.5177,0.15059,True,21.55809,1.528916,50.149596,1.360674,9.950316,1.195302,3.147921,0.112426,True,6020.721765,237.607176,41.229763,4.143579,37.828565,1.304433,True,False,3703.0,169.904111,8.781479,169.904111,5.66347,True,-1.068591,nfw
UGC08550,1,True,0.289,0.45,1284.78,56.9,11,42.208852,6.725671,0.983085,0.205575,11.09922,1.636477,7.704191,0.700381,True,13.222944,1.584533,42.595359,2.92857,11.668318,1.754665,6.872527,0.763614,True,4213.851073,232.905512,24.989922,3.037269,22.592027,2.259203,True,False,3703.0,27.861776,3.445514,27.861776,2.532889,True,0.569098,rational_taper
UGC08699,2,True,50.302,3.09,1370.35,182.4,41,13.755218,0.661595,9.550227,0.885867,42.646316,11.855678,37.025296,0.903056,True,14.127721,0.719472,117.272716,3.292658,45.285853,11.426436,37.858709,0.970736,True,5023.785817,117.915831,39.592977,11.399547,35.879405,0.896985,True,False,3703.0,185.445048,13.477558,185.445048,4.52305,True,2.639537,mond_free
UGC08837,2,True,0.501,1.72,77.42,0.0,8,4.969137,1.469032,21.0,48.208436,9.625666,2.180788,7.289048,0.911131,True,1.0,7.300099,119.497231,586.277047,29.854117,4.723775,25.695234,4.282539,True,1000.0,132.017661,40.411124,4.643608,38.331683,5.475955,True,True,3703.0,295.970922,14.632249,295.970922,36.996365,True,20.228451,rational_taper
UGC09037,2,True,68.614,4.28,841.07,152.3,22,2.497372,0.367276,139.8,183.585734,134.328633,12.278326,140.961194,6.407327,True,1.0,1.78766,314.514125,351.312547,143.048614,12.714273,136.866529,6.843326,True,1000.0,63.748,181.299696,14.231239,178.208654,8.486126,True,True,3703.0,1053.642249,38.291133,1053.642249,47.892829,True,8.719981,rational_taper
UGC09133,1,True,282.926,6.97,864.63,226.8,68,6.833252,0.147606,22.775297,0.684698,680.651247,17.658819,692.582312,10.185034,True,8.336537,0.155088,173.935092,0.785663,631.759339,17.555067,623.320323,9.444247,True,2531.566885,16.425875,1016.99972,19.114097,1012.780213,15.116123,True,False,3703.0,4873.154411,21.296925,4873.154411,71.664035,True,-48.891908,nfw
UGC09992,2,True,0.336,1.04,73.25,33.6,5,117.773007,822.106539,0.1,0.73605,3.455242,1.230621,0.393945,0.078789,True,24.636347,25.277271,16.321051,5.3799,3.255638,0.485326,0.036762,0.012254,True,1000.0,363.651722,5.847047,5.210649,4.237609,1.059402,True,True,3703.0,36.77418,15.349807,36.77418,7.354836,True,-0.199604,nfw
UGC10310,1,True,1.741,1.8,158.79,71.4,7,41.599361,22.294018,0.949532,0.623844,6.238672,2.929843,3.28559,0.46937,True,10.304698,3.255032,54.992084,10.37758,6.73516,3.224897,2.84334,0.568668,True,2518.617446,357.219018,11.274289,5.841234,9.328379,1.55473,True,False,3703.0,17.611062,8.02591,17.611062,2.515866,True,0.496488,rational_taper
UGC11455,1,True,374.322,5.93,9568.2,269.4,36,4.308625,0.300741,65.2474,14.664795,126.686815,11.926024,126.550368,3.515288,True,3.237311,0.515571,309.54548,36.122557,177.645902,13.079201,170.478864,5.014084,True,2695.529327,90.489527,187.779016,13.091173,184.195497,5.262728,True,False,3703.0,287.719702,16.723626,287.719702,7.992214,True,50.959087,rational_taper
UGC11557,2,True,12.101,2.75,337.93,0.0,12,1.566274,1.612266,52.8,406.897439,17.791129,8.474227,15.385584,1.282132,True,1.0,8.296007,101.002351,499.30047,20.019405,9.176213,15.049591,1.504959,True,1000.0,183.348132,53.994322,16.287383,51.509415,4.682674,True,True,3703.0,250.116309,34.504461,250.116309,20.843026,True,2.228276,rational_taper
UGC11820,1,True,0.97,2.08,34.11,0.0,10,18.911382,2.441588,2.644763,0.428202,44.794542,5.610312,50.23672,5.023672,True,4.690079,0.443708,80.552532,4.381628,15.257631,4.848487,10.652461,1.331558,True,1823.710625,40.051266,65.018737,5.818846,62.716152,6.968461,True,False,3703.0,1340.6451,9.22873,1340.6451,134.06451,True,-29.536911,nfw
UGC11914,1,True,150.028,2.44,3168.33,288.1,65,58.462394,4.099535,1.386868,0.123181,341.924057,9.835291,344.16499,5.294846,True,38.537701,1.528402,106.104789,1.869067,311.121317,9.645674,302.772543,4.805913,True,9656.50546,134.867065,518.609521,13.734143,514.435134,8.038049,True,False,3703.0,3472.679542,30.196867,3472.679542,53.425839,True,-30.80274,nfw
UGC12506,2,True,139.571,7.38,5608.28,234.0,31,200.0,114.44186,0.604411,0.357688,13.117431,5.989796,6.680469,0.215499,True,19.675575,1.866051,147.826136,4.270502,11.727268,5.888471,4.859293,0.167562,True,6426.714495,308.709392,129.865488,29.442677,126.431501,4.214383,True,False,3703.0,236.944172,38.121576,236.944172,7.64336,True,-1.390163,nfw
UGC12632,1,True,1.301,2.42,66.81,71.7,15,42.237245,11.476737,1.012063,0.322115,12.535155,2.663682,8.2143,0.54762,True,9.099496,1.230695,56.57118,3.940227,9.844016,2.525441,4.427916,0.340609,True,2502.517778,146.621227,59.897639,6.111461,57.189589,4.084971,True,False,3703.0,107.201758,7.674105,107.201758,7.146784,True,-2.691139,nfw
UGC12732,1,True,1.667,1.98,120.46,0.0,16,33.591587,5.8768,1.698522,0.357252,7.077496,1.05481,1.751216,0.109451,True,7.377765,0.868949,77.032635,4.8942,8.467058,1.508235,2.921881,0.208706,True,3181.792916,159.661718,55.471258,6.53608,52.698669,3.513245,True,False,3703.0,62.232713,6.81881,62.232713,3.889545,True,1.389562,rational_taper
UGCA281,3,False,0.194,1.72,12.05,0.0,7,32.74657,9.357116,0.73626,0.437763,4.633559,0.574688,1.038436,0.148348,True,5.646626,9.055629,63.632517,120.855426,6.62346,1.003232,2.731639,0.546328,True,2112.067736,271.58153,3.312849,0.591563,1.366939,0.227823,True,False,3703.0,24.110962,2.958348,24.110962,3.444423,True,1.989901,mond_free
UGCA442,1,True,0.14,1.18,116.1,56.4,8,13.574367,1.45537,5.067187,1.025061,7.670331,1.31995,4.681928,0.585241,True,4.61476,0.959311,74.799936,11.943033,16.451822,2.602823,12.292938,2.048823,True,3731.352937,157.132693,37.87749,3.52125,35.798049,5.114007,True,False,3703.0,35.830847,3.478723,35.830847,4.478856,True,8.781491,rational_taper
UGCA444,2,True,0.012,0.83,22.74,37.0,36,24.547301,5.992439,1.00573,0.421032,16.98852,2.131213,10.399212,0.288867,True,1.0,13.495132,222.677248,2087.041554,9.209872,0.978015,2.042834,0.060083,True,1679.208509,185.892497,11.974173,1.958894,8.390655,0.239733,True,False,3703.0,72.997211,4.927863,72.997211,2.0277,True,-7.778648,nfw
