GalaxyID,N_pts,Luminosity_1e9Lsun,R_disk_kpc,Sigma_0,Linear_omega,Linear_omega_err,Linear_RMSE,Linear_chi2r,Linear_BIC,Linear_converged,Tapered_omega,Tapered_omega_err,Tapered_Rt,Tapered_Rt_err,Tapered_RMSE,Tapered_chi2r,Tapered_BIC,Tapered_converged,Delta_BIC,Preferred_Model,Fit_Flag,Flag_Vobs_lt_Vbary
CamB,9,0.075000,0.470000,54036309.334052,1.087493,0.478219,3.157099,4.983637,42.066317,True,1.113497,2.086144,8.950000,127.167650,3.198807,5.847066,45.323908,True,-3.257591,Linear,OK,True
D512-2,4,0.325000,1.240000,33640320.307535,7.649365,0.813763,5.505734,2.046812,7.526729,True,20.785488,11.850475,1.427526,1.374536,1.165172,0.099143,2.970875,True,4.555854,Tapered,OK,False
D564-8,6,0.033000,0.610000,14114789.363162,5.908969,0.386604,1.185629,0.498165,4.282583,True,8.022627,2.057109,6.467550,6.351037,0.578257,0.174722,4.282406,True,0.000177,Indistinguishable,OK,False
D631-7,16,0.196000,0.700000,63661977.236758,6.052644,0.148655,3.188664,2.357179,38.130269,True,6.801220,0.609087,35.950000,27.933240,3.489755,3.173808,49.978488,True,-11.848219,Linear,OK,True
DDO064,14,0.157000,0.690000,52483356.575147,11.537224,0.883183,5.007009,0.784421,12.836528,True,25.713959,9.882182,1.506292,1.098994,2.606736,0.315092,9.059213,True,3.777315,Tapered,OK,False
DDO154,12,0.053000,0.370000,61615865.477505,7.210355,0.027360,5.455923,85.867456,947.026926,True,15.524704,0.553103,3.250104,0.219907,1.512859,3.380845,38.778260,True,908.248667,Tapered,OK,False
DDO161,31,0.548000,1.220000,58597761.901612,2.997670,0.028040,2.282883,3.166899,98.440966,True,4.745680,0.274415,18.755134,2.981061,1.638516,0.455402,20.074640,True,78.366326,Tapered,OK,False
DDO168,10,0.191000,1.020000,29218179.671811,8.667336,0.219642,3.995752,5.717440,53.759544,True,9.783938,0.899281,20.600000,16.175847,3.641504,6.498395,56.592328,True,-2.832783,Linear,OK,False
DDO170,8,0.543000,1.950000,22727451.439553,3.348746,0.049858,6.994671,40.473286,285.392447,True,14.008866,1.888751,2.912400,0.536485,1.980477,2.706450,20.397583,True,264.994863,Tapered,OK,False
ESO079-G014,15,51.733000,5.080000,319051191.602588,5.489801,0.072227,15.142758,10.714590,152.712307,True,13.729907,1.429072,9.303252,1.648962,7.861483,2.271230,34.942086,True,117.770221,Tapered,OK,False
ESO116-G012,15,4.292000,1.510000,299589060.019479,8.081047,0.116784,10.148432,11.175101,159.159469,True,19.399333,1.670189,5.229059,0.797198,3.023007,1.204030,21.068487,True,138.090981,Tapered,OK,False
ESO444-G084,7,0.071000,0.460000,53402651.037451,14.292112,0.325231,8.883465,10.600398,65.548297,True,34.386283,4.484330,2.013721,0.467419,1.441565,0.879955,8.291595,True,57.256702,Tapered,OK,False
ESO563-G021,30,311.177000,5.450000,1667380110.310806,5.472741,0.071219,38.785795,50.588158,1470.457770,True,19.132154,0.800433,10.739479,0.725835,20.546516,12.944765,369.255824,True,1101.201946,Tapered,OK,True
F561-1,6,4.077000,2.790000,83358988.577441,1.226085,0.326589,5.705869,1.561012,9.596820,True,97.497636,2012.274278,0.100000,2.104423,4.103994,0.676896,6.291101,True,3.305718,Tapered,OK,False
F563-1,17,1.903000,3.520000,24444074.178709,4.894965,0.232213,25.743850,5.915672,97.483967,True,31.294740,6.991004,2.780460,0.799675,8.235777,0.829154,18.103738,True,79.380229,Tapered,OK,False
F563-V1,6,1.540000,3.790000,17063276.666239,0.718302,0.399840,3.323050,0.530048,4.441999,True,46.378325,1049.158812,0.100000,2.329187,2.057600,0.254023,4.599611,True,-0.157613,Indistinguishable,OK,False
F563-V2,10,2.986000,2.430000,80481745.681112,10.971569,0.795068,29.299471,4.020987,38.491469,True,45.759327,12.730044,2.129331,0.860440,8.666521,0.520210,8.766850,True,29.724619,Tapered,OK,False
F565-V2,7,0.559000,2.170000,18893502.344150,6.941091,0.404245,7.539471,1.361689,10.116046,True,16.527417,6.632855,5.179477,3.684518,2.905528,0.164332,4.713479,True,5.402567,Tapered,OK,False
F567-2,5,2.134000,3.080000,35802480.240988,3.730323,0.512602,10.826790,2.946223,13.394330,True,32.399738,60.598624,0.826724,1.812100,5.338307,0.899542,5.917502,True,7.476828,Tapered,OK,False
F568-1,12,6.252000,5.180000,37083403.057890,9.766307,0.468535,25.533034,4.218256,48.885719,True,37.659419,9.535507,2.910639,1.058059,7.827818,0.503454,10.004350,True,38.881369,Tapered,OK,False
F568-3,18,8.346000,4.990000,53345454.638534,5.655140,0.265875,17.563326,4.655811,82.039158,True,11.757436,1.370790,8.989801,2.325927,7.697960,1.649987,32.180543,True,49.858615,Tapered,OK,False
F568-V1,15,3.825000,2.850000,74948311.151308,9.768823,0.421163,33.949342,10.407669,148.415412,True,66.704327,25.454280,1.334203,0.645673,7.332377,0.258385,8.775109,True,139.640303,Tapered,OK,False
F571-8,13,10.164000,3.560000,127639411.184354,7.851762,0.178493,18.035847,17.984450,218.378352,True,8.908517,0.646426,77.750000,46.001763,18.167494,19.750849,222.389232,True,-4.010880,Linear,OK,True
F571-V1,7,1.849000,2.470000,48235094.785509,4.361907,0.266362,8.792407,1.809571,12.803334,True,13.092493,6.042231,5.355164,3.831692,2.403770,0.106934,4.426490,True,8.376844,Tapered,OK,False
F574-1,14,6.537000,4.460000,52303276.910441,6.085806,0.161410,15.950670,12.221574,161.519521,True,27.625022,4.668632,2.594930,0.594001,4.373334,1.009551,17.392732,True,144.126789,Tapered,OK,False
F574-2,5,2.877000,3.760000,32388012.907098,0.247378,0.506787,1.971796,0.049606,1.807864,True,1.955962,41.293001,1.279882,32.248691,1.730206,0.051221,3.372539,True,-1.564675,Indistinguishable,OK,True
F579-V1,14,11.848000,3.370000,166037190.232614,6.102984,0.365965,28.487678,8.786031,116.857463,True,167.176260,89.933378,0.367763,0.215273,4.217890,0.219757,7.915193,True,108.942270,Tapered,OK,False
F583-1,25,0.986000,2.360000,28175591.404878,6.125224,0.196157,19.385076,12.078460,293.101917,True,21.932530,2.686161,3.196931,0.638395,6.035622,1.159735,33.111647,True,259.990271,Tapered,OK,False
F583-4,12,1.715000,1.930000,73277330.237751,5.943894,0.281820,5.466797,1.262682,16.374411,True,20.771874,7.422485,2.239903,1.150475,2.159125,0.227796,7.247771,True,9.126640,Tapered,OK,False
IC2574,34,1.016000,2.780000,20923014.101414,3.906844,0.033320,2.864037,2.482763,85.457552,True,4.611157,0.168481,34.027740,8.064383,2.195277,1.892476,67.611939,True,17.845613,Tapered,OK,False
IC4202,32,179.749000,4.780000,1252076375.843608,4.729672,0.079612,27.748002,42.036306,1306.591237,True,8.374343,0.471036,21.429794,2.952041,25.214711,38.163095,1151.824322,True,154.766915,Tapered,OK,True
KK98-251,15,0.085000,1.340000,7534066.697934,5.397594,0.303493,1.035952,0.287464,6.732540,True,6.583823,1.351866,10.194515,11.549636,0.869735,0.218204,8.252747,True,-1.520207,Indistinguishable,OK,False
NGC0024,29,3.889000,1.340000,344705710.450201,7.715563,0.164308,28.565137,13.882725,392.083587,True,72.459169,8.317952,1.036396,0.143223,3.807432,0.619275,23.455025,True,368.628562,Tapered,OK,False
NGC0055,21,4.628000,6.110000,19730180.638895,4.061139,0.082501,6.321409,3.902107,81.086669,True,6.227818,0.460811,14.783556,3.279780,2.420869,1.101498,27.017511,True,54.069157,Tapered,OK,False
NGC0100,21,3.232000,1.660000,186670335.343666,6.819956,0.209029,4.701470,0.857376,20.192049,True,10.088525,1.175233,13.383774,4.925472,1.453799,0.129131,8.542536,True,11.649513,Tapered,OK,False
NGC0247,26,7.332000,3.740000,83425608.592595,7.153955,0.080219,23.477736,51.511658,1291.049549,True,28.558446,1.560160,1.940812,0.157191,4.140968,1.319733,38.189791,True,1252.859758,Tapered,OK,False
NGC0289,28,72.065000,6.740000,252478690.794086,1.969186,0.032656,26.512093,19.446493,528.387522,True,11.499308,1.424546,8.918124,1.416781,10.058417,1.539782,46.698732,True,481.688790,Tapered,OK,False
NGC0300,25,2.922000,1.750000,151853304.070047,6.308372,0.101795,11.142545,8.107801,197.806109,True,17.981437,1.460900,4.764588,0.626105,3.530249,0.493906,17.797600,True,180.008509,Tapered,OK,False
NGC0801,13,312.570000,8.720000,654236024.985188,1.657671,0.033915,19.847473,12.642905,154.279809,True,5.462550,0.789096,18.342975,3.934266,14.873458,8.306546,96.501910,True,57.777899,Tapered,OK,True
NGC0891,18,138.340000,2.550000,3386004587.056179,3.578922,0.069971,25.889013,19.927494,341.657777,True,4.084394,0.409862,85.550000,66.320281,26.521773,22.758808,369.921674,True,-28.263897,Linear,OK,True
NGC1003,36,6.820000,1.610000,418748008.134997,2.995068,0.021038,11.952739,30.281021,1063.419238,True,7.749307,0.294511,14.075634,0.919641,3.883231,2.899970,105.766025,True,957.653212,Tapered,OK,False
NGC1090,24,72.045000,3.530000,920183764.820808,2.696130,0.028746,15.540577,11.085719,258.149581,True,8.058654,0.766496,12.209293,1.785187,7.817981,2.030674,51.030941,True,207.118640,Tapered,OK,True
NGC1705,14,0.533000,0.390000,557722450.151086,14.380360,0.413646,18.505699,10.447191,138.452536,True,105.872074,34.074617,0.517474,0.200545,2.900071,0.190056,7.558784,True,130.893753,Tapered,OK,False
NGC2366,26,0.236000,0.650000,88900749.277366,5.986798,0.126857,6.208152,4.354536,112.121502,True,11.832327,1.234951,3.856282,0.848741,3.190928,1.463279,41.634894,True,70.486608,Tapered,OK,False
NGC2403,73,10.041000,1.390000,827118049.575965,6.363107,0.011579,18.574836,240.814003,17342.898674,True,19.369394,0.237377,4.892791,0.093727,5.425678,12.664058,907.729025,True,16435.169649,Tapered,OK,False
NGC2683,11,80.415000,2.180000,2693048722.484379,3.401796,0.140982,23.199272,10.705503,109.452927,True,14.720803,3.163066,6.280368,1.944046,7.511705,0.780699,11.822080,True,97.630847,Tapered,OK,False
NGC2841,50,188.121000,3.640000,2259720070.748584,3.767556,0.020455,57.509784,69.148132,3392.170504,True,29.801451,1.363421,6.023781,0.328730,7.589459,2.273857,116.969179,True,3275.201324,Tapered,Fit Failed,False
NGC2903,34,81.863000,2.330000,2399915472.072027,4.987859,0.032170,26.273653,30.255407,1001.954779,True,7.620923,0.193163,25.978111,1.979779,24.370472,15.761923,511.434244,True,490.520535,Tapered,OK,True
NGC2915,30,0.641000,0.550000,337250639.741834,7.979265,0.198862,18.414389,5.514736,163.328531,True,39.978881,8.775928,1.908943,0.543533,10.158082,1.103051,37.687814,True,125.640717,Tapered,OK,True
NGC2955,24,319.422000,18.760000,144450579.399017,2.476462,0.143434,14.999058,4.739834,112.194225,True,2.767004,0.356640,177.150000,205.659186,14.518560,4.904953,114.265074,True,-2.070849,Linear,OK,True
NGC2976,27,3.371000,1.010000,525939920.755592,12.157149,0.580978,2.027894,0.354647,12.516654,True,13.630089,2.122102,11.350000,15.935136,1.968052,0.346298,15.249117,True,-2.732463,Linear,OK,True
NGC2998,13,150.902000,6.200000,624786660.313558,2.778659,0.032481,37.543615,22.697452,274.934369,True,12.089904,1.897990,9.332631,1.940887,27.254583,3.802668,46.959242,True,227.975127,Tapered,OK,False
NGC3109,25,0.194000,1.560000,12687400.953249,8.454243,0.139882,3.911376,2.704322,68.122612,True,12.759196,0.705448,8.895928,1.491928,1.075551,0.287349,13.046784,True,55.075828,Tapered,OK,False
NGC3198,43,38.279000,3.140000,617904587.063843,2.830130,0.016946,22.335921,113.069648,4752.686426,True,11.790272,0.283486,8.664450,0.307086,6.442369,1.362503,63.385016,True,4689.301410,Tapered,OK,True
NGC3521,41,84.836000,2.400000,2344109158.358339,5.710920,0.233215,6.159893,0.537987,25.233068,True,7.019776,0.834618,54.321101,34.195100,6.025468,0.473368,25.888485,True,-0.655417,Indistinguishable,OK,False
NGC3726,12,70.234000,3.400000,966962653.383753,2.662429,0.112749,6.350918,1.780186,22.066951,True,2.971244,0.367973,162.600000,186.025972,7.292918,1.969857,24.668386,True,-2.601435,Linear,OK,False
NGC3741,21,0.028000,0.200000,111408460.164327,7.061512,0.143155,6.188984,7.146699,145.978507,True,17.521526,1.561338,3.105085,0.494858,1.115496,0.278461,11.379799,True,134.598708,Tapered,OK,False
NGC3769,12,18.679000,3.380000,260219808.656342,3.044441,0.129919,21.278794,8.786658,99.138140,True,8.091659,1.240502,12.342540,3.518716,7.223022,1.188841,16.858220,True,82.279920,Tapered,OK,True
NGC3877,13,72.535000,2.530000,1803543844.954714,3.769667,0.219358,20.704876,9.859132,120.874529,True,24.482704,14.413269,1.556535,1.125381,18.032096,6.563344,77.326682,True,43.547847,Tapered,OK,True
NGC3893,10,58.525000,2.380000,1644400650.457802,5.558431,0.254959,14.583721,2.451954,24.370174,True,9.732750,1.791748,15.784107,7.117141,6.590935,0.842174,11.342561,True,13.027613,Tapered,OK,False
NGC3917,17,21.966000,2.630000,505428368.193349,5.715730,0.114287,13.606030,11.092738,180.317017,True,18.112705,2.216593,4.647545,0.872292,5.177743,1.873475,33.768555,True,146.548463,Tapered,OK,True
NGC3949,7,38.067000,3.590000,470088781.021189,4.955411,0.743005,7.607328,0.549629,5.243686,True,5.533029,3.041614,35.350000,172.935817,8.639744,0.763546,7.709550,True,-2.465864,Linear,OK,False
NGC3953,8,141.301000,4.890000,940475851.716408,4.747840,0.224795,15.848437,6.452755,47.248724,True,40.362028,28.743546,1.454103,1.207534,3.374082,0.393284,6.518587,True,40.730137,Tapered,OK,False
NGC3972,10,14.353000,2.180000,480673112.153433,7.936887,0.276341,9.420539,3.510022,33.892779,True,18.648846,3.840287,4.807696,1.783493,4.784084,1.173452,13.992786,True,19.899993,Tapered,OK,False
NGC3992,9,226.932000,4.960000,1468089455.390300,3.443846,0.070764,32.842458,27.321231,220.767073,True,27.910910,7.624491,4.483834,1.442347,5.880075,0.913706,10.790394,True,209.976679,Tapered,OK,False
NGC4010,12,17.193000,2.810000,346544615.263099,5.531370,0.216187,6.951574,1.874652,23.106074,True,7.417009,1.412570,24.922543,18.775636,6.748443,1.719663,22.166447,True,0.939627,Indistinguishable,OK,False
NGC4013,36,79.094000,3.530000,1010216041.289985,3.323652,0.044908,6.569422,1.063657,40.811516,True,3.946849,0.219431,121.568095,42.414287,5.596312,0.789659,34.015429,True,6.796087,Tapered,OK,False
NGC4051,7,95.268000,4.650000,701231269.209328,2.816038,0.348047,9.757229,2.201348,15.153998,True,21.127331,33.831144,1.353847,2.579911,7.673068,1.098489,9.384265,True,5.769733,Tapered,OK,False
NGC4068,6,0.236000,0.590000,107901656.333488,6.215757,0.638057,1.769189,0.312885,3.356184,True,7.114485,4.002557,11.650000,50.522792,2.058913,0.508062,5.615766,True,-2.259582,Linear,OK,True
NGC4085,7,21.724000,1.650000,1269965834.243649,4.335421,0.516370,13.601731,4.796197,30.723093,True,4.946292,2.850445,31.000000,132.546569,13.965953,6.063276,34.208201,True,-3.485109,Linear,OK,True
NGC4088,12,107.286000,2.580000,2565215014.806364,1.632666,0.152634,12.468840,3.095964,36.540509,True,1.841502,0.753535,107.400000,335.302860,13.178521,3.805141,43.021226,True,-6.480716,Linear,OK,True
NGC4100,24,59.394000,2.150000,2044964562.466205,4.966016,0.089587,21.782265,12.024511,279.741817,True,23.325609,3.781023,3.893780,0.838335,6.053043,1.127366,31.158168,True,248.583649,Tapered,OK,False
NGC4138,7,44.111000,1.510000,3079024470.298055,5.103214,0.443110,17.410546,3.465901,22.741315,True,19.998155,10.672498,3.973595,3.069288,10.285452,0.881645,8.300044,True,14.441271,Tapered,OK,False
NGC4157,17,105.620000,2.320000,3123131890.860209,2.922118,0.112865,6.245129,0.443021,9.921550,True,3.307738,0.514275,148.050000,190.780249,7.104511,0.652123,15.448270,True,-5.526719,Linear,OK,True
NGC4183,23,10.838000,2.790000,221595466.814399,3.816498,0.097163,16.744684,9.097017,203.269857,True,35.781362,8.672825,1.623098,0.459608,3.505422,0.296718,12.502075,True,190.767782,Tapered,OK,False
NGC4214,14,1.141000,0.510000,698176816.869868,13.590916,0.551456,13.042167,3.818930,52.285153,True,41.806023,9.569847,1.705532,0.612508,6.960457,1.219020,19.906350,True,32.378803,Tapered,OK,False
NGC4217,19,85.299000,2.940000,1570613805.682306,1.924614,0.163988,43.147034,37.831819,683.917174,True,2.091019,0.769905,83.600000,244.275422,43.579183,40.816735,699.773365,True,-15.856191,Linear,OK,True
NGC4389,6,21.328000,2.790000,436075670.438964,-3.870988,0.801830,20.766118,12.107097,62.327244,True,0.000000,27.903088,0.100000,0.000000,23.566294,20.960526,87.425621,True,-25.098377,Linear,OK,True
NGC4559,32,19.377000,2.100000,699307331.585410,3.393395,0.068756,8.152218,2.341019,76.037335,True,6.745719,0.797553,14.396898,3.536432,3.389979,0.476754,21.234079,True,54.803257,Tapered,OK,False
NGC5005,18,178.720000,9.450000,318514839.219322,4.289626,0.797365,12.284058,0.692147,14.656878,True,4.789491,2.727083,57.350000,257.361876,13.038949,0.808068,18.709830,True,-4.052952,Linear,OK,True
NGC5033,22,110.509000,5.160000,660569286.932210,3.455505,0.025008,27.615141,85.642334,1801.580053,True,14.406757,0.877884,8.894985,0.749110,17.778921,6.269852,131.579115,True,1670.000938,Tapered,OK,True
NGC5055,28,152.922000,3.200000,2376786348.388556,1.974780,0.008492,11.640045,75.308439,2036.660049,True,2.407818,0.034693,171.570453,13.612074,10.119324,69.235766,1806.794313,True,229.865736,Tapered,OK,True
NGC5371,19,340.393000,7.440000,978711927.388273,1.484748,0.032098,22.101391,23.047369,417.797084,True,200.000000,309.193546,0.199553,0.312722,13.824528,11.537167,202.020712,True,215.776371,Tapered,OK,False
NGC5585,24,2.943000,1.530000,200090989.584966,5.575462,0.068226,6.401314,12.093138,281.320232,True,9.647540,0.447374,11.439792,1.296304,4.042913,5.852477,135.110599,True,146.209634,Tapered,OK,False
NGC5907,19,175.425000,5.340000,979104626.656838,2.670447,0.019387,29.896725,71.496004,1289.872511,True,16.665124,1.453716,6.372441,0.682044,11.934478,8.090843,143.433216,True,1146.439294,Tapered,OK,False
NGC5985,33,208.728000,7.010000,676028192.081114,6.168259,0.041882,59.939473,100.295342,3212.947461,True,200.000000,42.279278,0.710427,0.157110,10.011376,3.784010,124.297332,True,3088.650129,Tapered,Fit Failed,False
NGC6015,44,32.129000,2.300000,966633112.778735,4.818773,0.039530,26.250964,122.163390,5256.809973,True,36.428472,1.433686,2.169061,0.113246,11.038340,11.193435,477.692635,True,4779.117337,Tapered,OK,False
NGC6195,23,391.076000,13.940000,320299122.312504,1.844400,0.073097,9.265912,2.192013,51.359786,True,2.108994,0.258664,182.150000,165.159213,9.932405,2.683391,62.622201,True,-11.262415,Linear,OK,True
NGC6503,31,12.845000,2.160000,438174134.948430,4.480663,0.020141,16.455195,69.618522,2091.989656,True,13.554960,0.496356,6.975508,0.394883,4.544239,3.156567,98.408416,True,1993.581240,Tapered,OK,False
NGC6674,15,214.654000,6.040000,936451393.427034,2.583032,0.014362,43.412009,109.762625,1539.384800,True,14.541782,1.147904,10.618752,1.042948,16.073919,12.038223,161.912994,True,1377.471805,Tapered,OK,False
NGC6789,4,0.100000,0.310000,165613884.590942,50.000000,6.006997,3.518542,0.485697,2.843386,True,63.594426,25.615555,3.550000,11.563465,2.231907,0.311747,3.396084,True,-0.552698,Indistinguishable,OK,False
NGC6946,58,66.173000,2.440000,1768973402.516123,4.062037,0.042386,10.937703,2.641838,154.645205,True,4.998324,0.216027,43.043942,9.913623,7.850760,2.121734,126.937991,True,27.707214,Tapered,OK,True
NGC7331,36,250.631000,5.020000,1582878150.428756,2.763614,0.030102,16.580461,7.681988,272.453115,True,3.138142,0.161617,181.550000,75.686791,17.612815,9.325985,324.250533,True,-51.797419,Linear,OK,True
NGC7793,46,7.050000,1.210000,766370021.718368,7.296188,0.305613,9.750493,2.494732,116.091573,True,22.405183,3.295518,2.349500,0.579965,5.774579,0.733040,39.911023,True,76.180551,Tapered,OK,True
NGC7814,18,74.529000,2.540000,1838560783.944427,6.462181,0.076232,12.605402,5.735746,100.398058,True,10.602708,0.753990,21.487931,3.983846,10.972261,1.497461,29.740117,True,70.657941,Tapered,OK,True
PGC51017,6,0.155000,0.530000,87821346.312723,0.337426,0.346673,4.656287,1.677764,10.180580,True,13.395610,225.405827,0.100000,1.779381,4.264773,1.728442,10.497289,True,-0.316708,Indistinguishable,OK,False
UGC00128,22,12.020000,5.950000,54036930.046313,2.830611,0.008104,35.111712,612.318954,12861.789066,True,46.293714,3.980603,1.771337,0.164756,6.376166,4.610492,98.391929,True,12763.397137,Tapered,OK,False
UGC00191,9,2.004000,1.580000,127762580.498381,5.193740,0.062706,16.644415,67.243322,540.143804,True,36.787551,3.240234,1.274025,0.135369,4.599312,2.811375,24.074077,True,516.069727,Tapered,OK,False
UGC00634,4,2.989000,2.450000,79252665.539638,4.560100,0.059952,12.034149,39.076279,118.615131,True,13.757941,2.157845,6.749696,1.611138,2.086022,0.723468,4.219524,True,114.395607,Tapered,OK,False
UGC00731,12,0.323000,2.300000,9717778.188787,5.391185,0.124077,17.008931,40.595375,449.034035,True,81.253088,18.602795,0.533015,0.136547,3.018947,1.386280,18.832615,True,430.201420,Tapered,OK,False
UGC00891,5,0.374000,1.430000,29108488.784962,5.822259,0.061719,2.211664,5.986263,25.554489,True,8.077018,0.646065,15.285639,4.397578,1.327803,0.608272,5.043693,True,20.510795,Tapered,OK,False
UGC01230,11,7.620000,4.340000,64386622.478723,2.168317,0.174064,32.819312,9.598604,98.383938,True,37.780463,16.987063,1.709828,0.892412,9.852528,1.038617,14.143344,True,84.240594,Tapered,OK,False
UGC01281,25,0.353000,1.630000,21145581.283240,8.493300,0.349870,4.116137,0.866004,24.002969,True,15.751546,2.664577,4.153011,1.594606,1.414524,0.110284,8.974290,True,15.028679,Tapered,OK,False
UGC02023,5,1.308000,1.550000,86649184.417981,5.829349,1.548828,3.445221,0.196474,2.395333,True,6.708753,7.706519,18.900000,153.887463,3.967482,0.347407,4.261098,True,-1.865765,Indistinguishable,OK,False
UGC02259,8,1.725000,1.620000,104611445.219296,9.245451,0.132305,18.261443,68.670458,482.772649,True,135.389594,41.868044,0.393591,0.133042,1.722347,0.743206,8.618119,True,474.154530,Tapered,OK,False
UGC02455,8,3.649000,0.990000,592548094.421310,-3.632217,0.506375,15.044089,19.521850,138.732392,True,0.000000,13.691844,0.100000,0.000000,17.650458,31.350751,192.263388,True,-53.530996,Linear,OK,True
UGC02487,17,489.955000,7.890000,1252628588.314123,3.261849,0.015223,61.579850,157.109506,2516.585308,True,36.949093,4.251499,5.378937,0.687285,10.066278,3.923046,64.512123,True,2452.073185,Tapered,Fit Failed,False
UGC02885,19,403.525000,11.400000,494175118.583849,2.512639,0.051770,28.057212,8.309409,152.513801,True,8.238158,1.071101,23.545630,4.603931,14.823317,2.455814,47.637713,True,104.876087,Tapered,OK,False
UGC02916,43,124.153000,6.150000,522428809.562776,2.931420,0.055190,25.273035,48.784305,2052.702019,True,3.098717,0.105747,190.000000,100.842824,24.062993,50.239728,2067.351245,True,-14.649226,Linear,OK,True
UGC02953,115,259.518000,3.550000,3277411031.249553,4.516641,0.008865,41.706512,173.243414,19754.494168,True,13.768185,0.151577,13.019013,0.227825,21.902089,6.382556,730.718705,True,19023.775462,Tapered,OK,True
UGC03205,48,113.642000,3.190000,1777369133.838029,3.902873,0.024705,30.956536,30.326155,1429.200486,True,20.942302,1.274626,5.363795,0.413718,12.993067,5.055571,240.298670,True,1188.901816,Tapered,OK,True
UGC03546,30,101.336000,3.790000,1122807924.837637,4.270145,0.024565,31.014469,8.894666,261.346523,True,6.656130,0.333564,26.025840,3.672324,32.085345,3.970276,117.970125,True,143.376398,Tapered,OK,True
UGC03580,47,13.266000,2.430000,357558887.543749,3.617364,0.026423,17.701375,36.296453,1673.486972,True,4.597005,0.113262,62.912014,7.307007,17.976644,33.767904,1527.255997,True,146.230975,Tapered,OK,True
UGC04278,25,1.307000,2.210000,42590346.352676,9.421169,0.252363,6.345634,1.584686,41.251329,True,14.025453,1.603063,9.598432,3.405935,4.319398,0.936289,27.972407,True,13.278922,Tapered,OK,False
UGC04305,22,0.736000,1.160000,87052644.259538,0.589334,0.206702,5.876664,2.625706,58.230870,True,35.320074,140.539133,0.100000,0.416584,4.947820,2.115356,48.489210,True,9.741661,Tapered,OK,True
UGC04325,8,2.026000,1.860000,93203813.939236,12.052625,0.305807,17.965369,39.494872,278.543546,True,110.494712,25.476005,0.503247,0.136585,3.968260,2.253252,17.678393,True,260.865153,Tapered,OK,False
UGC04483,8,0.013000,0.180000,63858464.820822,10.825757,0.718324,1.740862,1.844309,14.989606,True,29.054306,11.277552,0.560687,0.363840,0.826066,0.320988,6.084811,True,8.904795,Tapered,OK,False
UGC04499,9,1.552000,1.730000,82531481.732975,5.365251,0.177166,7.141697,7.016341,58.327951,True,17.386592,3.776736,2.786182,0.915085,2.673886,0.692426,9.241431,True,49.086521,Tapered,OK,False
UGC05005,11,4.100000,3.200000,63724147.136403,2.591299,0.207457,9.792819,0.997509,12.372986,True,6.142200,1.875487,15.308933,8.646440,2.464611,0.067983,5.407636,True,6.965349,Tapered,OK,False
UGC05253,73,171.582000,8.070000,419319238.042493,3.873175,0.025384,26.166708,40.464936,2917.765860,True,7.316864,0.136041,27.395005,1.237603,16.537384,8.498011,611.939684,True,2305.826176,Tapered,OK,False
UGC05414,6,1.123000,1.470000,82711370.767828,7.273422,0.374474,1.761912,0.619671,4.890113,True,10.463439,2.456649,7.411947,5.773996,0.556148,0.077161,3.892161,True,0.997952,Indistinguishable,OK,False
UGC05716,12,0.588000,1.140000,72009161.694394,5.671766,0.034450,15.026353,322.021065,3544.716625,True,35.537451,2.499199,1.363771,0.119756,1.431934,2.204065,27.010464,True,3517.706160,Tapered,OK,False
UGC05721,23,0.531000,0.380000,585258135.608009,11.351019,0.283573,19.072938,16.275754,361.202080,True,77.442227,11.198397,0.789609,0.144864,4.357651,0.891849,24.999816,True,336.202264,Tapered,OK,False
UGC05750,11,3.336000,3.460000,44350035.931251,3.475580,0.305386,13.891726,2.783980,30.237691,True,9.100555,2.905918,6.542646,4.018530,4.481919,0.304751,7.538553,True,22.699138,Tapered,OK,False
UGC05764,10,0.085000,1.170000,9882511.624524,15.979224,0.111441,14.615294,162.009505,1460.388129,True,133.124257,19.684607,0.284203,0.048590,3.729323,6.451753,56.219194,True,1404.168936,Tapered,OK,False
UGC05829,11,0.564000,1.990000,22666949.800214,5.531326,0.357942,7.546235,2.446540,26.863297,True,29.164725,13.078419,1.171303,0.683495,1.364530,0.088882,5.595732,True,21.267566,Tapered,OK,False
UGC05918,8,0.233000,1.660000,13457360.190308,7.337033,0.493768,7.027220,3.654046,27.657761,True,40.830801,19.794427,0.720779,0.449272,1.234606,0.131586,4.948400,True,22.709361,Tapered,OK,False
UGC05986,15,4.695000,1.670000,267930889.532234,10.100811,0.141418,13.971451,14.799498,209.901019,True,23.237478,1.707440,4.765640,0.646600,4.146771,1.231527,21.425945,True,188.475074,Tapered,OK,False
UGC05999,5,3.384000,3.220000,51944401.009121,3.833932,0.200021,11.190308,6.261150,26.654036,True,9.959444,3.000067,8.171751,4.180213,6.133483,2.507974,10.742798,True,15.911239,Tapered,OK,False
UGC06399,9,2.296000,2.050000,86952944.518499,7.853537,0.315852,8.373869,3.446790,29.771543,True,21.054523,5.415533,3.424224,1.464454,2.014109,0.172508,5.602005,True,24.169537,Tapered,OK,False
UGC06446,17,0.988000,1.490000,70827928.370250,7.627318,0.201503,18.388852,13.833139,224.163434,True,71.266516,19.731658,0.737380,0.238336,2.840895,0.310658,10.326292,True,213.837142,Tapered,OK,False
UGC06614,13,124.350000,5.100000,760896469.568519,2.255913,0.122858,15.249566,1.332814,18.558713,True,2.530610,0.361966,322.950000,410.090084,13.768576,1.364202,20.136124,True,-1.577411,Indistinguishable,OK,True
UGC06628,7,3.739000,2.820000,74830281.703712,0.489181,0.636104,6.265453,0.669639,5.963744,True,48.191741,1404.609864,0.100000,3.006887,4.822946,0.476148,6.272559,True,-0.308815,Indistinguishable,OK,True
UGC06667,9,1.397000,5.150000,8383050.447710,9.435322,0.220259,14.586757,22.919759,185.555298,True,46.776448,7.748909,1.467608,0.321049,1.994026,0.386659,7.101064,True,178.454234,Tapered,OK,False
UGC06786,45,73.407000,3.600000,901472755.211941,6.300178,0.026565,30.192889,57.688977,2542.121652,True,16.898303,0.382643,11.424917,0.431867,10.449394,1.480469,71.273502,True,2470.848150,Tapered,OK,False
UGC06787,71,98.256000,5.370000,542288806.648331,6.250348,0.020095,23.456351,106.213022,7439.174232,True,13.180041,0.163660,16.963879,0.433932,18.651687,28.347138,1964.477856,True,5474.696377,Tapered,OK,True
UGC06818,8,1.588000,1.390000,130810025.169468,5.898467,0.429346,5.969528,1.769240,14.464119,True,6.724823,1.905504,34.900000,75.706954,6.490311,2.436646,18.778762,True,-4.314643,Linear,OK,False
UGC06917,11,6.832000,2.760000,142741358.328585,7.021057,0.191569,11.416146,7.376425,76.162144,True,20.090928,3.347526,3.922777,1.051511,2.871428,0.650926,10.654128,True,65.508017,Tapered,OK,False
UGC06923,6,2.890000,1.440000,221816061.697327,7.546984,0.564170,4.228494,0.875695,6.170235,True,10.972557,4.667701,9.094695,12.529050,4.075771,0.779558,6.701749,True,-0.531514,Indistinguishable,OK,False
UGC06930,10,8.932000,3.940000,91574889.310264,4.275538,0.188150,15.674633,6.391200,59.823390,True,29.216753,12.557822,1.994147,1.045150,3.927546,0.339115,7.318086,True,52.505303,Tapered,OK,False
UGC06973,9,53.870000,1.070000,7488581347.157308,0.686756,0.354237,42.340357,81.612900,655.100422,True,0.473961,1.610370,39.250000,1030.417548,42.840208,93.613919,659.691885,True,-4.591463,Linear,OK,True
UGC06983,17,5.298000,3.210000,81831784.289832,6.280250,0.150896,21.560472,11.851431,192.456102,True,35.518455,7.875360,2.015919,0.567269,5.187836,0.694732,16.087409,True,176.368693,Tapered,OK,False
UGC07089,12,3.585000,2.260000,111710092.995623,4.370653,0.269656,2.279972,0.233988,5.058776,True,5.713271,1.425479,21.100727,22.478505,1.568572,0.126235,6.232165,True,-1.173388,Indistinguishable,OK,False
UGC07125,13,2.712000,3.380000,37781258.154933,1.938628,0.063561,7.738480,10.146872,124.327410,True,9.964835,2.659751,2.975971,1.036492,2.829928,1.403599,20.569486,True,103.757923,Tapered,OK,False
UGC07151,11,2.284000,1.250000,232646329.614009,8.421560,0.247182,8.715889,12.652417,128.922061,True,31.956351,5.792403,1.297760,0.339367,2.682396,1.568939,18.916244,True,110.005818,Tapered,OK,False
UGC07232,4,0.113000,0.290000,213846713.072345,24.744366,2.929430,1.948980,0.465078,2.781528,True,28.665020,14.801997,4.100000,14.773837,2.409951,1.066641,4.905871,True,-2.124343,Linear,OK,False
UGC07261,7,1.753000,1.200000,193749038.361175,7.334043,0.502099,10.766878,4.221760,27.276468,True,59.101484,36.431988,0.685936,0.505461,2.345552,0.240428,5.093961,True,22.182507,Tapered,OK,False
UGC07323,10,4.109000,2.260000,128038151.218693,6.478712,0.338995,2.702225,0.541724,7.178105,True,9.533861,2.272282,9.464159,7.137768,1.617857,0.218458,6.352835,True,0.825270,Indistinguishable,OK,False
UGC07399,10,1.156000,1.640000,68405381.549015,16.844235,0.307360,18.199922,32.006075,290.357257,True,66.681332,7.554289,1.287007,0.207630,1.706601,0.487901,8.508380,True,281.848877,Tapered,OK,False
UGC07524,31,2.436000,3.460000,32385098.180014,5.049876,0.094381,10.912400,11.100770,336.457090,True,24.067370,2.825037,2.047461,0.322531,2.527626,0.624347,24.974038,True,311.483052,Tapered,OK,False
UGC07559,7,0.109000,0.580000,51569229.479835,5.998828,0.755740,1.582099,0.279904,3.625334,True,8.698071,4.973086,4.413573,8.252167,1.251421,0.210150,4.942571,True,-1.317237,Indistinguishable,OK,False
UGC07577,9,0.045000,0.900000,8841941.282883,2.016953,0.997122,1.185665,0.157383,3.456289,True,2.307247,4.869973,8.450000,130.096795,1.225009,0.192002,5.738460,True,-2.282171,Linear,OK,False
UGC07603,12,0.376000,0.530000,213037588.474734,12.257001,0.331388,6.098428,4.857678,55.919362,True,27.748637,3.900465,2.427903,0.637571,1.782336,0.456420,9.534016,True,46.385347,Tapered,OK,False
UGC07608,8,0.264000,1.500000,18674179.989449,10.873594,0.784115,6.574110,1.103605,9.804676,True,24.012169,8.948259,3.016136,2.140398,2.495051,0.185458,5.271630,True,4.533046,Tapered,OK,False
UGC07690,7,0.858000,0.570000,420298372.338708,8.021659,0.617392,8.333345,4.361451,28.114618,True,59.689281,38.612805,0.476113,0.374088,2.011847,0.305045,5.417044,True,22.697573,Tapered,OK,False
UGC07866,7,0.124000,0.610000,53037390.334305,7.233249,1.034292,2.637418,0.489910,4.885368,True,23.824025,20.368746,0.761845,0.982678,0.725072,0.044433,4.113983,True,0.771386,Indistinguishable,OK,False
UGC08286,17,1.255000,1.050000,181169572.408461,8.557882,0.101172,15.189111,50.042927,803.520037,True,62.467186,7.061551,0.918843,0.125355,2.794503,1.399612,26.660605,True,776.859432,Tapered,OK,False
UGC08490,30,1.017000,0.670000,360571568.555263,6.988486,0.112215,15.909006,19.228996,561.042096,True,61.182061,7.967371,0.910326,0.140525,1.383383,0.150590,11.018907,True,550.023188,Tapered,OK,False
UGC08550,11,0.289000,0.450000,227139647.178063,8.423801,0.187417,9.094094,19.260271,195.000603,True,42.208852,6.725671,0.983085,0.205575,1.636477,0.700381,11.099220,True,183.901384,Tapered,OK,False
UGC08699,41,50.302000,3.090000,838471732.324601,5.901819,0.075976,18.519683,12.535608,505.137883,True,13.755218,0.661595,9.550227,0.885867,11.855678,0.903056,42.646316,True,462.491567,Tapered,OK,True
UGC08837,8,0.501000,1.720000,26952618.472499,4.369118,0.371687,1.877878,0.564388,6.030157,True,4.969137,1.469032,21.000000,48.208436,2.180788,0.911131,9.625666,True,-3.595509,Linear,OK,False
UGC09037,22,68.614000,4.280000,596135976.139145,2.239273,0.089225,12.205219,5.706442,122.926320,True,2.497372,0.367276,139.800000,183.585734,12.278326,6.407327,134.328633,True,-11.402313,Linear,OK,True
UGC09133,68,282.926000,6.970000,926888374.427349,1.683971,0.005064,32.673018,135.399776,9076.004487,True,6.833252,0.147606,22.775297,0.684698,17.658819,10.185034,680.651247,True,8395.353240,Tapered,OK,True
UGC09992,5,0.336000,1.040000,49441624.333281,3.793495,0.980052,5.451739,1.159704,6.248256,True,117.773007,822.106539,0.100000,0.736050,1.230621,0.078789,3.455242,True,2.793014,Tapered,OK,False
UGC10310,7,1.741000,1.800000,85521220.963886,5.880024,0.386887,11.502350,6.028633,38.117711,True,41.599361,22.294018,0.949532,0.623844,2.929843,0.469370,6.238672,True,31.879039,Tapered,OK,False
UGC11455,36,374.322000,5.930000,1694166529.921725,2.947675,0.056885,14.246937,4.288092,153.666749,True,4.308625,0.300741,65.247400,14.664795,11.926024,3.515288,126.686815,True,26.979934,Tapered,OK,True
UGC11557,12,12.101000,2.750000,254668954.228764,1.384160,0.373049,8.336133,1.124597,14.855479,True,1.566274,1.612266,52.800000,406.897439,8.474227,1.282132,17.791129,True,-2.935651,Linear,OK,True
UGC11820,10,0.970000,2.080000,35683315.181014,3.542340,0.032976,12.181413,45.239729,409.460142,True,18.911382,2.441588,2.644763,0.428202,5.610312,5.023672,44.794542,True,364.665600,Tapered,OK,False
UGC11914,65,150.028000,2.440000,4010631853.364498,10.648676,0.094936,18.125873,12.815571,824.370916,True,58.462394,4.099535,1.386868,0.123181,9.835291,5.294846,341.924057,True,482.446859,Tapered,OK,True
UGC12506,31,139.571000,7.380000,407852001.716331,3.582103,0.081547,53.187299,16.208637,489.693095,True,200.000000,114.441860,0.604411,0.357688,5.989796,0.215499,13.117431,True,476.575664,Tapered,Fit Failed,False
UGC12632,15,1.301000,2.420000,35356290.718284,4.765101,0.118867,12.547175,15.759763,223.344730,True,42.237245,11.476737,1.012063,0.322115,2.663682,0.547620,12.535155,True,210.809574,Tapered,OK,False
UGC12732,16,1.667000,1.980000,67674545.998926,4.415725,0.091321,15.388387,18.446803,279.474633,True,33.591587,5.876800,1.698522,0.357252,1.054810,0.109451,7.077496,True,272.397137,Tapered,OK,False
UGCA281,7,0.194000,1.720000,10436742.482365,16.237562,0.988217,2.015673,1.641250,11.793411,True,32.746570,9.357116,0.736260,0.437763,0.574688,0.148348,4.633559,True,7.159852,Tapered,OK,False
UGCA442,8,0.140000,1.180000,16002364.286746,6.256487,0.095947,5.096995,8.331866,60.402505,True,13.574367,1.455370,5.067187,1.025061,1.319950,0.585241,7.670331,True,52.732174,Tapered,OK,False
UGCA444,36,0.012000,0.830000,2772331.713025,9.444313,0.455575,2.761620,0.723744,28.914552,True,24.547301,5.992439,1.005730,0.421032,2.131213,0.288867,16.988520,True,11.926032,Tapered,OK,False
